method,weighting,age_s,horizon_s,n_at_risk,km_ece10,mean_predicted_risk,km_observed_risk
log_survival,object,5,5,18325,0.03535902983045305,0.18764476143659992,0.1984930402981282
log_survival,token,5,5,18325,0.022592779317860176,0.19321229640955484,0.19658518586831508
log_survival,object,5,20,18325,0.06014979835251015,0.31976288076844583,0.3246975840612396
log_survival,token,5,20,18325,0.031985779743034896,0.3351919732570206,0.3439641039135012
log_survival,object,5,60,18325,0.0497720989785737,0.3497507171743508,0.34994939860686014
log_survival,token,5,60,18325,0.03629014191592428,0.36500762814555804,0.36889056712988466
log_survival,object,20,5,12616,0.019127502577707168,0.007002866015663496,0.02608081562517761
log_survival,token,20,5,12616,0.04033236507641162,0.00701019322328604,0.0472816812767054
log_survival,object,20,20,12616,0.033577201520112,0.0275142161048412,0.05999976628752679
log_survival,token,20,20,12616,0.05364729764896268,0.027501172656406517,0.08052372960532905
log_survival,object,20,60,12616,0.015564149110286616,0.05383736981764244,0.06249890927595614
log_survival,token,20,60,12616,0.03177822658685139,0.05368144140008633,0.0834807646940855
log_survival,object,60,20,11629,9.825207341410743e-05,9.82520734141074e-05,0.0
log_survival,token,60,20,11629,7.086666819454122e-05,7.086666819454122e-05,0.0
log_survival,object,60,60,11629,0.0002946893786997571,0.0002946893786997571,0.0
log_survival,token,60,60,11629,0.00021255994692886786,0.00021255994692886786,0.0
log_survival,object,60,180,11629,0.0006827842749717001,0.0006827842749717001,0.0
log_survival,token,60,180,11629,0.0004888096035922022,0.0004888096035922022,0.0
log_survival,object,600,600,11629,0.0003811120974737145,0.0003811120974737146,0.0
log_survival,token,600,600,11629,0.00026819582760735156,0.0002681958276073516,0.0
log_survival,object,600,1800,11629,0.003549240144503398,0.003549240144503398,0.0
log_survival,token,600,1800,11629,0.0014410837311223286,0.0014410837311223286,0.0
log_survival,object,600,3600,11629,0.004657716348281759,0.01081763145514889,0.012210852179895149
log_survival,token,600,3600,11629,0.002804000335126824,0.003953164701520253,0.004688850875105066
log_survival,object,1800,600,11629,0.002788812154097115,0.002788812154097115,0.0
log_survival,token,1800,600,11629,0.0009054690934545996,0.0009054690934545995,0.0
log_survival,object,1800,1800,11629,0.006078845110607063,0.007793034500928798,0.012210852179895149
log_survival,token,1800,1800,11629,0.0030709301059770305,0.002610741877896205,0.004688850875105066
log_survival,object,1800,3600,11629,0.002865873371119541,0.014230984183108286,0.012210852179895149
log_survival,token,1800,3600,11629,0.0034751965028026873,0.004964853961753403,0.004688850875105066
linear_survival,object,5,5,18325,0.03535902983045305,0.18764476143659992,0.1984930402981282
linear_survival,token,5,5,18325,0.022592779317860176,0.19321229640955484,0.19658518586831508
linear_survival,object,5,20,18325,0.060654395067167965,0.3195844333793119,0.3246975840612396
linear_survival,token,5,20,18325,0.032134353210546696,0.3349964898416735,0.3439641039135012
linear_survival,object,5,60,18325,0.04977210455139725,0.34975070728626917,0.34994939860686014
linear_survival,token,5,60,18325,0.03629014112356602,0.3650076225255624,0.36889056712988466
linear_survival,object,20,5,12616,0.019412118935240127,0.006718195594027958,0.02608081562517761
linear_survival,token,20,5,12616,0.04064061980253099,0.0067018652288304845,0.0472816812767054
linear_survival,object,20,20,12616,0.0341683917126367,0.026872782376111827,0.05999976628752679
linear_survival,token,20,20,12616,0.05433649034923454,0.026807460915321938,0.08052372960532905
linear_survival,object,20,60,12616,0.015564163942715925,0.05383731856688231,0.06249890927595614
linear_survival,token,20,60,12616,0.03177825633705772,0.05368141074634555,0.0834807646940855
linear_survival,object,60,20,11629,9.819641620712545e-05,9.819641620712544e-05,0.0
linear_survival,token,60,20,11629,7.083327169708187e-05,7.083327169708186e-05,0.0
linear_survival,object,60,60,11629,0.0002945892486213767,0.0002945892486213767,0.0
linear_survival,token,60,60,11629,0.0002124998150912444,0.00021249981509124436,0.0
linear_survival,object,60,180,11629,0.0006827227631299602,0.0006827227631299602,0.0
linear_survival,token,60,180,11629,0.0004887765330894951,0.0004887765330894951,0.0
linear_survival,object,600,600,11629,0.0003809379905317094,0.00038093799053170947,0.0
linear_survival,token,600,600,11629,0.0002680975747603716,0.0002680975747603716,0.0
linear_survival,object,600,1800,11629,0.0029581473831619305,0.002958147383161931,0.0
linear_survival,token,600,1800,11629,0.001329046773276475,0.001329046773276475,0.0
linear_survival,object,600,3600,11629,0.005911268205277977,0.00954696157096197,0.012210852179895149
linear_survival,token,600,3600,11629,0.0030427213903482134,0.003707601527449031,0.004688850875105066
linear_survival,object,1800,600,11629,0.0021976412218961882,0.0021976412218961882,0.0
linear_survival,token,1800,600,11629,0.0007934162911712355,0.0007934162911712357,0.0
linear_survival,object,1800,1800,11629,0.007443138601990538,0.00659292366568856,0.012210852179895149
linear_survival,token,1800,1800,11629,0.003361796312208313,0.0023802488735137016,0.004688850875105066
linear_survival,object,1800,3600,11629,0.0038957989112069543,0.01318584733137712,0.012210852179895149
linear_survival,token,1800,3600,11629,0.0032715981385542715,0.0047604977470274016,0.004688850875105066
right_step,object,5,5,18325,0.03535902983045305,0.18764476143659992,0.1984930402981282
right_step,token,5,5,18325,0.022592779317860176,0.19321229640955484,0.19658518586831508
right_step,object,5,20,18325,0.0598085386823221,0.31527719148426203,0.3246975840612396
right_step,token,5,20,18325,0.03642737721874035,0.3307107367630394,0.3439641039135012
right_step,object,5,60,18325,0.049776930517616766,0.34973512665980483,0.34994939860686014
right_step,token,5,60,18325,0.03628911028731586,0.3649967613751986,0.36889056712988466
right_step,object,20,5,12616,0.026077996195307537,0.0,0.02608081562517761
right_step,token,20,5,12616,0.04724571711492506,0.0,0.0472816812767054
right_step,object,20,20,12616,0.0600524526820575,0.0,0.05999976628752679
right_step,token,20,20,12616,0.08090094375173953,0.0,0.08052372960532905
right_step,object,20,60,12616,0.015433156597120993,0.05374556478701,0.06249890927595614
right_step,token,20,60,12616,0.03183610547535454,0.053614922020652045,0.0834807646940855
right_step,object,60,20,11629,0.0,0.0,0.0
right_step,token,60,20,11629,0.0,0.0,0.0
right_step,object,60,60,11629,0.0,0.0,0.0
right_step,token,60,60,11629,0.0,0.0,0.0
right_step,object,60,180,11629,0.0005891783633525117,0.0005891783633525117,0.0
right_step,token,60,180,11629,0.00042499978702902096,0.0004249997870290209,0.0
right_step,object,600,600,11629,0.0,0.0,0.0
right_step,token,600,600,11629,0.0,0.0,0.0
right_step,object,600,1800,11629,0.0007618759872285841,0.000761875987228584,0.0
right_step,token,600,1800,11629,0.0005361951885522881,0.000536195188552288,0.0
right_step,object,600,3600,11629,0.011542224315521344,0.000761875987228584,0.012210852179895149
right_step,token,600,3600,11629,0.004264537736744108,0.000536195188552288,0.004688850875105066
right_step,object,1800,600,11629,0.0,0.0,0.0
right_step,token,1800,600,11629,0.0,0.0,0.0
right_step,object,1800,1800,11629,0.012210852179895093,0.0,0.012210852179895149
right_step,token,1800,1800,11629,0.004688850875104998,0.0,0.004688850875105066
right_step,object,1800,3600,11629,0.012210852179895093,0.0,0.012210852179895149
right_step,token,1800,3600,11629,0.004688850875104998,0.0,0.004688850875105066
