weighting,horizon_s,n_ages,mean_km_observed_risk,log_mean_predicted_risk,log_mean_ece10,log_mean_signed_bias,linear_mean_predicted_risk,linear_mean_ece10,linear_mean_signed_bias,step_mean_predicted_risk,step_mean_ece10,step_mean_signed_bias
object,1,22,0.014336972174022062,0.012695900320400107,0.006769777094886622,-0.0016410718536219518,0.011928228636164483,0.006996089334360197,-0.0024087435378575776,0.0006086734915182747,0.014234958574010248,-0.013728298682503788
object,2,22,0.03194917042280971,0.027364103570576018,0.010441408477027035,-0.004585066852233694,0.026511504644375402,0.010660649216211505,-0.005437665778434306,0.009654708493021894,0.026848276582488215,-0.02229446192978782
object,3,22,0.0479139844170428,0.042932004297474784,0.013492172410360161,-0.004981980119568011,0.04207018801420647,0.013707001244724288,-0.005843796402836329,0.026767441669916126,0.03046189524864876,-0.021146542747126674
object,5,22,0.07276837575895874,0.06629301181008852,0.016559425026820347,-0.006475363948870213,0.06604600043769815,0.01696114679928976,-0.00672237532126059,0.06009466473791985,0.02873223080450936,-0.012673711021038885
object,10,22,0.10383655063614555,0.09907252685880695,0.018274455718376142,-0.004764023777338555,0.09911634968895236,0.018191720383033013,-0.004720200947193185,0.09451756420789635,0.02350434306529058,-0.00931898642824919
object,20,22,0.12509275057219968,0.12281979908514687,0.01803643801735412,-0.0022729514870528083,0.12330628476990259,0.018073274498027717,-0.0017864658022971247,0.12728939873601866,0.023524340754904758,0.0021966481638189877
object,30,22,0.13113717205979525,0.1272494467666586,0.0188161454106061,-0.0038877252931366203,0.1276915368815663,0.01863489234252351,-0.003445635178228963,0.12965380812412852,0.024546158493379825,-0.0014833639356667274
object,60,22,0.13291685328261937,0.13524076279637604,0.017864698243045072,0.0023239095137566434,0.13582009851727325,0.017995017123403654,0.0029032452346538715,0.14432291524912974,0.024736955688005647,0.01140606196651035
object,120,22,0.13291685328261937,0.1354250853592608,0.01793783038730153,0.002508232076641374,0.13599699741372642,0.018048843497123133,0.003080144131107018,0.14437647691852543,0.024790517357401332,0.01145962363590603
object,180,22,0.13291685328261937,0.13557666515108313,0.01801253531746008,0.002659811868463749,0.13614151775395636,0.018138345460491978,0.003224664471336974,0.1445830574069416,0.024830149910888378,0.011666204124322207
object,300,22,0.13291685328261937,0.13577066195658774,0.018136648577507367,0.002853808673968367,0.1363224460633636,0.018241484491065364,0.0034055927807442265,0.14461285831516826,0.024859950819115052,0.011696005032548872
object,600,22,0.13291685328261937,0.13621384827661892,0.018490196257612532,0.0032969949939995126,0.1367380065134986,0.01856617180053582,0.003821153230879205,0.14499616618959218,0.025097626707150614,0.012079312906972799
object,900,22,0.13291685328261937,0.13657923555657722,0.01877374115087987,0.003662382273957845,0.13706776491686853,0.018830519805940207,0.00415091163424917,0.1450307969162844,0.02513225743384282,0.012113943633665008
object,1200,22,0.13347189201806917,0.13699197044947914,0.0192481544387086,0.0035200784314099575,0.13743878524940858,0.019311618542740546,0.003966893231339426,0.1450654276429766,0.025721926895984806,0.011593535624907437
object,1800,22,0.13402693075351893,0.13806700008451986,0.019970601788759815,0.004040069331000927,0.1383870542037868,0.020019572665954107,0.004360123450267827,0.14550374834262178,0.026499007666498185,0.011476817589102796
object,2400,22,0.13458196948896872,0.1406606623825386,0.021437050344949023,0.006078692893569887,0.14048697297973847,0.021199882467941716,0.005905003490769734,0.14550374834262178,0.026989023499602395,0.010921778853653018
object,3600,22,0.1429496386794139,0.14528576093936227,0.021687301042088793,0.002336122259948388,0.1446868105305509,0.022593999298479304,0.0017371718511370099,0.14628709834291354,0.03204548532132194,0.0033374596634996047
token,1,22,0.014516031816709967,0.011664301893350503,0.006454025004903793,-0.002851729923359464,0.011035723415356254,0.00681568584950289,-0.0034803084013537116,0.00043942714441570324,0.014535846853268468,-0.014076604672294263
token,2,22,0.03161367812074407,0.025095820073332418,0.011197571516426096,-0.006517858047411648,0.024381687561920815,0.012052292276908438,-0.007231990558823254,0.008057730042387743,0.02705717064803931,-0.023555948078356318
token,3,22,0.04692572087427826,0.03969762980918719,0.014409573494921923,-0.00722809106509106,0.038975146368492114,0.015192376126729346,-0.007950574505786144,0.024174283088426743,0.03263448718308242,-0.022751437785851515
token,5,22,0.071848764400858,0.06300312842188385,0.018148268134323547,-0.008845635978974137,0.06260449718481369,0.01938207535127837,-0.009244267216044296,0.05569553952599757,0.03294365620696826,-0.01615322487486043
token,10,22,0.1046040411206143,0.0983266196471094,0.018065872612590354,-0.006277421473504897,0.09823875982027234,0.018728699084858854,-0.00636528130034194,0.0928971973597807,0.02598295958162836,-0.01170684376083359
token,20,22,0.12952008923380512,0.12410219008935243,0.01665174317140319,-0.005417899144452693,0.12456254770941717,0.016886085787740136,-0.004957541524387932,0.12855403557161516,0.022494094479959096,-0.0009660536621899665
token,30,22,0.13704132407403236,0.1285295292689027,0.01936431023657393,-0.008511794805129648,0.12894007651882253,0.019653972920938515,-0.00810124755520983,0.13087017589068226,0.02601132011262224,-0.006171148183350087
token,60,22,0.1391555669794033,0.13651970447801492,0.016442895310399445,-0.0026358625013883285,0.13708374718903296,0.016572652963378856,-0.0020718197903702835,0.1455403910835051,0.02229632799557035,0.006384824104101816
token,120,22,0.1391555669794033,0.1366363437369235,0.01623514007236302,-0.0025192232424798024,0.13719886620176835,0.016378348998987984,-0.001956700777634953,0.14557902742778045,0.022334964339845713,0.006423460448377181
token,180,22,0.1391555669794033,0.13672897164122944,0.016202531493489238,-0.0024265953381738775,0.1372900751690909,0.016410955972498417,-0.001865491810312401,0.14572593388109384,0.022325320065052993,0.006570366901690551
token,300,22,0.1391555669794033,0.13683505839325136,0.016209758332750096,-0.002320508586151983,0.13739363445111966,0.01647805834772524,-0.0017619325282836119,0.14574624781915954,0.02234563400311872,0.006590680839756277
token,600,22,0.1391555669794033,0.13707482534916185,0.016328736058727797,-0.002080741630241433,0.13762805191840216,0.01657476775794357,-0.0015275150610011311,0.1460057720678499,0.022473408004063725,0.006850205088446612
token,900,22,0.1391555669794033,0.13724444856513926,0.016421574856959942,-0.0019111184142640582,0.13779084813297146,0.016592175960523942,-0.0013647188464318127,0.14603014457642047,0.022497780512634288,0.00687457759701717
token,1200,22,0.13936869656463535,0.13742717023376397,0.016638336017784718,-0.0019415263308713564,0.1379655717846708,0.016836802697206374,-0.0014031247799645278,0.146054517084991,0.02273528260643689,0.006685820520355679
token,1800,22,0.1395818261498674,0.1378599559040797,0.017008344492498204,-0.001721870245787674,0.138374155134676,0.017202357124988934,-0.0012076710151914206,0.14636082009028695,0.023216335973579715,0.00677899394041956
token,2400,22,0.13979495573509945,0.13866939705829806,0.01675653476777775,-0.0011255586768013808,0.13909109411509224,0.017255104610288202,-0.0007038616200071873,0.14636082009028695,0.023385806089406613,0.0065658643551875125
token,3600,22,0.14297880856726922,0.14018476942547856,0.017083116921066607,-0.002794039141790632,0.14052497205927275,0.017839327889968257,-0.0024538365079964084,0.14666428643828788,0.024358785493590496,0.0036854778710187167
