age_s,1.0,2.0,3.0,5.0,10.0,20.0,30.0,60.0,120.0,180.0,300.0,600.0,900.0,1200.0,1800.0,2400.0,3600.0
0.0,0.00487329559005242,0.009667473359692265,0.07179140949626664,0.17601861769032487,0.3375626458536763,0.4512829780995514,0.45863293285899137,0.4795698709911282,0.4796786885911663,0.4797874458431298,0.4798524152677536,0.48001474186404897,0.4800830309747509,0.4801512956569494,0.4802877517978112,0.4808820112664363,0.4819723318819069
1.0,0.004871284666962024,0.06731483886915392,0.12262866156681748,0.2082438336845667,0.3471709292976399,0.44953579579978475,0.45689897557829645,0.47720282893770005,0.4773124329735634,0.47742069638772894,0.4774861512999234,0.4776493749104328,0.4777181459925674,0.4777868924095961,0.47792513615334437,0.478537470490872,0.47965852351995797
2.0,0.06254562699148382,0.11795752236299657,0.16751313996564965,0.2380796038924122,0.35561261358703017,0.4468381254266073,0.4542121901028897,0.47387600859687307,0.47398622456030315,0.4740938056729229,0.4741596352851499,0.47432347536866504,0.4743926143635869,0.4744617285215507,0.47460153491503004,0.4752151633168776,0.47633775055483174
3.0,0.05841569874223269,0.11068941565663935,0.14940909977934394,0.220702008473917,0.32456101780190816,0.40998860284255073,0.41785133281832143,0.43809827844774935,0.43821625888861754,0.438330042886296,0.43840053927050016,0.4385756557713755,0.43864969897499034,0.43872371585193964,0.43887444357463273,0.43955406321330065,0.44079522147067063
5.0,0.04298915465808474,0.08366598619657206,0.12217436297624129,0.19321229640955484,0.2659365044742437,0.3351919732570206,0.3439824778853796,0.36500762814555804,0.36513799128877744,0.36526067303786314,0.36533851468498546,0.3655311325701782,0.3656130509601741,0.36569494079708054,0.3658625332419809,0.36647630538063936,0.36761234301750173
7.0,0.04144986862003123,0.08074345519939898,0.11801051111500517,0.15094994546365562,0.2268884674834007,0.27530459465066087,0.28493357785624535,0.30618381130189243,0.3063279019856273,0.3064601405194524,0.3065462483563066,0.3067584882282525,0.3068490381220494,0.3069395560676375,0.30712678979228597,0.3078264036066575,0.3091187605912559
10.0,0.0188545270116429,0.037274372281680034,0.055270536415587705,0.09003436616536462,0.17024509742479896,0.18140755752288568,0.19228543741720336,0.21324994476061776,0.21341453498606827,0.21355984503691783,0.2136584713268157,0.2139001326554389,0.2140036194063663,0.21410706956494638,0.21432434772435263,0.21513590761862603,0.21663380024927617
15.0,0.018537169445819308,0.03664941659388741,0.05434746600796597,0.08854245223442393,0.09489544738686695,0.10735487307105065,0.1194940782438446,0.1371697158893087,0.13735207094613708,0.1375024377716483,0.1376117497960127,0.1378769580949425,0.13799172844412877,0.13810645785257344,0.13835315182821895,0.13924923385457993,0.14090162604945639
20.0,0.0014093778817643593,0.0028150745537548556,0.004217101627217427,0.00701019322328604,0.013929509347183582,0.027501172656406517,0.04072607398658467,0.05368144140008633,0.05388092598183544,0.05403379974289011,0.05415344797643301,0.05444084076051074,0.05456637405553851,0.05469186254501759,0.05496785110994149,0.05594336252847035,0.05774500737249358
30.0,0.0013383625367987713,0.0026732764910116194,0.004004752752133644,0.0066574355641618455,0.013229737985336857,0.026124253003464368,0.038693937288021577,0.03879450411158688,0.03899555290140793,0.039126234680510526,0.03924700789610674,0.03953125905550509,0.03965786343582461,0.03978442174667407,0.04007768309832559,0.04110382481568407,0.04299541602664107
45.0,0.0013116612779899544,0.0026199820353854744,0.0039249727529281605,0.006525005810245539,0.012967539460611181,0.01934605614697692,0.019380397729425097,0.019483403106771293,0.019689326744450324,0.019787198985428463,0.01991092824761968,0.020193171233689036,0.020322876203180948,0.020452533827088518,0.020760394245135295,0.02164715923566662,0.023316585850344823
60.0,3.543650635890445e-06,7.087267876227239e-06,1.0630851721575048e-05,1.771791922953621e-05,3.543500362581978e-05,7.086666819454122e-05,0.00010629499425779262,0.00021255994692886786,0.0004249997870290209,0.0004888096035922022,0.0006163961505806867,0.0008982080300937268,0.001032033803409085,0.0011658106046066393,0.0014986855223147538,0.002398669487867533,0.004094477276144386
90.0,3.5435823825143418e-06,7.087131371640511e-06,1.0630646967942742e-05,1.771757798430012e-05,3.543432118936899e-05,7.086530353765572e-05,0.00010629294759640432,0.00021255585554887332,0.0003507034113816675,0.0004145244798408688,0.0005421335214590906,0.0008055095277593725,0.0009393653111116346,0.0010731721049020578,0.001438691557747299,0.0023368523216174258,0.004029730405923703
120.0,3.5435141319895998e-06,7.086994872753575e-06,1.0630442222851015e-05,1.7717236753260595e-05,3.543363878130128e-05,7.086393893750509e-05,0.00010629090102010057,0.00021255176433885182,0.00027639512682966886,0.0003402274499195938,0.00046785899163388485,0.0007127916448572911,0.0008466774480900973,0.0009805142443088614,0.0013785796288430495,0.0022749309638692467,0.003964900393994041
180.0,1.0647061426079085e-06,2.129409215096891e-06,3.1941092175110124e-06,5.323500012172052e-06,1.064692327355693e-05,2.1293539551985177e-05,3.1939848851233736e-05,6.387693503320198e-05,0.0001277428211094787,0.0001915976616679598,0.0003192742199794022,0.0005272977142847338,0.000661243586826131,0.0007951404174246222,0.0012580048442836244,0.002150778133700195,0.003834992658126425
300.0,1.064675117526917e-06,2.1293471652524044e-06,3.1940161432041405e-06,5.323344889837447e-06,1.0646613036407175e-05,2.129291910773152e-05,3.193891822989926e-05,6.387507406068133e-05,0.00012773910024467205,0.0001915920819903448,0.00031926492591154984,0.000453282264455905,0.0005872505170788799,0.0007211697154804213,0.0013122278173375267,0.002197694406005066,0.003870028020864243
600.0,4.4715663617916527e-07,8.943127258925015e-07,1.34146826916722e-06,2.2357777163826115e-06,4.471541771710684e-06,8.943028899918443e-06,1.3414461385810136e-05,2.6828431001362985e-05,5.365489504888432e-05,8.047939239698308e-05,0.00013412248801219123,0.0002681958276073516,0.0004022200505450351,0.000536195188552288,0.0014410837311223286,0.00230917193599738,0.003953164701520253
900.0,4.4713922090715995e-07,8.942778954267632e-07,1.3414160235766363e-06,2.235690640737615e-06,4.471367622130379e-06,8.942680607454822e-06,1.3413938957148876e-05,2.6827386204248095e-05,5.365280569546038e-05,8.047625872797114e-05,0.0001341172664339027,0.0002681853904639834,0.00040220440384151505,0.0008596533994751722,0.0017456371316920296,0.0025973021512977427,0.004214327080125264
1200.0,4.47121806943824e-07,8.942430675659478e-07,1.3413637818750447e-06,2.235603571570202e-06,4.471193485461652e-06,8.94233234079132e-06,1.3413416567181288e-05,2.682634148449632e-05,5.365071649671731e-05,8.047312529091367e-05,0.00013411204524203454,0.0002681749540925215,0.0007256966634603282,0.0011733536560017323,0.0020417296000046613,0.0028780526856380423,0.004469777080754399
1800.0,1.5427492369141107e-06,3.085380675074433e-06,4.627894343392693e-06,7.712568485955621e-06,1.5422194889855934e-05,3.083263585871409e-05,4.623135166451442e-05,9.235743433335407e-05,0.00018429686229507424,0.00027582435161384316,0.00045766722398733804,0.0009054690934545995,0.0013440845932095756,0.001774133008166546,0.002610741877896205,0.003419264472095528,0.004964853961753403
2400.0,1.5398529294482751e-06,3.0795893477237483e-06,4.619209283151558e-06,7.698099818704183e-06,1.5393289688665244e-05,3.077495371206527e-05,4.614502027468411e-05,9.218591592919085e-05,0.00018395834417891715,0.00027532323674786877,0.0004568536763563195,0.0009039439676300108,0.001341937455901329,0.0017714425346375949,0.0026071636656261853,0.003415012764048405,0.004959713695096729
3600.0,1.4300826079410494e-06,2.8600589279797415e-06,4.2899289869803256e-06,7.149350429309049e-06,1.4296046346096601e-05,2.8581488045274417e-05,4.2856351851335744e-05,8.56177421939115e-05,0.00017085849405294232,0.0002557279004700237,0.00042437473432535984,0.0008398687538220277,0.0012471136664313153,0.0016466854281977192,0.0024248670318268322,0.0031781006326102737,0.004621595501888365
