method,weighting,estimator,mae_s,median_absolute_error_s,mean_absolute_log1p_error,within_2x_fraction,within_4x_fraction,spearman_rank_correlation
log_survival,object,conditional_median,49.48585911129396,2.3469309223979993,0.5170882617151313,0.8038092027642002,0.9643519298837013,0.407240143437719
log_survival,object,conditional_mean,100.6673982801382,28.512118470328208,1.7031784444218376,0.1491656834653632,0.4298837013315355,0.12655567031615908
log_survival,token,conditional_median,25.39555563432656,2.3469309223979993,0.5037119799400318,0.782148841965306,0.9754995749069068,0.407240143437719
log_survival,token,conditional_mean,47.11105458483813,28.512118470328208,1.2320013559268708,0.24621290573940852,0.6396769968391999,0.12655567031615908
linear_survival,object,conditional_median,50.099044024356594,2.3543892287264154,0.5175470197011605,0.8038092027642002,0.9655317714478342,0.4071429349623533
linear_survival,object,conditional_mean,103.39638747393693,28.66388417051361,1.7107327113235686,0.1462160795550312,0.42760829260070793,0.12625215101870285
linear_survival,token,conditional_median,25.590934183133015,2.3543892287264154,0.5071500495479155,0.780111726341433,0.9758812172580554,0.4071429349623533
linear_survival,token,conditional_mean,47.87485834138964,28.66388417051361,1.238203307228963,0.2431995967771136,0.6385941077897042,0.12625215101870285
right_step,object,conditional_median,111.62310574212319,3.5399544058840924,0.6170654575375404,0.703775493005225,0.9611495027810552,0.4071429349623533
right_step,object,conditional_mean,158.6388268974845,48.238018460293375,2.1027125856442184,0.06784088993763694,0.25484577785268836,0.12242560522909468
right_step,token,conditional_median,45.210917262273966,3.5399544058840924,0.6127899762752544,0.6491318783128174,0.9711578802024419,0.4071429349623533
right_step,token,conditional_mean,71.13619987179538,48.238018460293375,1.5871994356679968,0.13156305354434944,0.4240058590911746,0.12242560522909468
