age_s,horizon_s,side,left_method,right_method,token_weighted_jaccard
0.0,1.0,low,log_survival,linear_survival,1.0
0.0,1.0,low,log_survival,right_step,0.10176383630672045
0.0,1.0,high,log_survival,linear_survival,1.0
0.0,1.0,high,log_survival,right_step,0.11811633987894395
0.0,2.0,low,log_survival,linear_survival,1.0
0.0,2.0,low,log_survival,right_step,1.0
0.0,2.0,high,log_survival,linear_survival,1.0
0.0,2.0,high,log_survival,right_step,1.0
0.0,3.0,low,log_survival,linear_survival,0.9878254644626538
0.0,3.0,low,log_survival,right_step,0.3955564224041206
0.0,3.0,high,log_survival,linear_survival,0.9736222729425338
0.0,3.0,high,log_survival,right_step,0.13504631543093437
0.0,5.0,low,log_survival,linear_survival,1.0
0.0,5.0,low,log_survival,right_step,1.0
0.0,5.0,high,log_survival,linear_survival,1.0
0.0,5.0,high,log_survival,right_step,1.0
0.0,10.0,low,log_survival,linear_survival,1.0
0.0,10.0,low,log_survival,right_step,1.0
0.0,10.0,high,log_survival,linear_survival,1.0
0.0,10.0,high,log_survival,right_step,1.0
0.0,20.0,low,log_survival,linear_survival,1.0
0.0,20.0,low,log_survival,right_step,1.0
0.0,20.0,high,log_survival,linear_survival,1.0
0.0,20.0,high,log_survival,right_step,1.0
0.0,30.0,low,log_survival,linear_survival,0.9969569451206789
0.0,30.0,low,log_survival,right_step,0.9542462263946162
0.0,30.0,high,log_survival,linear_survival,0.9929827166022028
0.0,30.0,high,log_survival,right_step,0.9354496843901912
0.0,60.0,low,log_survival,linear_survival,1.0
0.0,60.0,low,log_survival,right_step,1.0
0.0,60.0,high,log_survival,linear_survival,1.0
0.0,60.0,high,log_survival,right_step,1.0
0.0,120.0,low,log_survival,linear_survival,1.0
0.0,120.0,low,log_survival,right_step,0.9999422711260618
0.0,120.0,high,log_survival,linear_survival,1.0
0.0,120.0,high,log_survival,right_step,0.998952766402056
0.0,180.0,low,log_survival,linear_survival,1.0
0.0,180.0,low,log_survival,right_step,1.0
0.0,180.0,high,log_survival,linear_survival,1.0
0.0,180.0,high,log_survival,right_step,1.0
0.0,300.0,low,log_survival,linear_survival,1.0
0.0,300.0,low,log_survival,right_step,1.0
0.0,300.0,high,log_survival,linear_survival,1.0
0.0,300.0,high,log_survival,right_step,0.996018918826582
0.0,600.0,low,log_survival,linear_survival,1.0
0.0,600.0,low,log_survival,right_step,1.0
0.0,600.0,high,log_survival,linear_survival,1.0
0.0,600.0,high,log_survival,right_step,1.0
0.0,900.0,low,log_survival,linear_survival,1.0
0.0,900.0,low,log_survival,right_step,0.9999591094273816
0.0,900.0,high,log_survival,linear_survival,1.0
0.0,900.0,high,log_survival,right_step,0.9996718383184658
0.0,1200.0,low,log_survival,linear_survival,1.0
0.0,1200.0,low,log_survival,right_step,0.9999488867842271
0.0,1200.0,high,log_survival,linear_survival,1.0
0.0,1200.0,high,log_survival,right_step,0.9984044909557808
0.0,1800.0,low,log_survival,linear_survival,1.0
0.0,1800.0,low,log_survival,right_step,1.0
0.0,1800.0,high,log_survival,linear_survival,1.0
0.0,1800.0,high,log_survival,right_step,1.0
0.0,2400.0,low,log_survival,linear_survival,0.9998977734455099
0.0,2400.0,low,log_survival,right_step,0.9988906376669978
0.0,2400.0,high,log_survival,linear_survival,0.9993465529322018
0.0,2400.0,high,log_survival,right_step,0.9960494252296331
0.0,3600.0,low,log_survival,linear_survival,0.9948384227974754
0.0,3600.0,low,log_survival,right_step,0.9848752122960436
0.0,3600.0,high,log_survival,linear_survival,0.9966201117150864
0.0,3600.0,high,log_survival,right_step,0.9877401384630541
1.0,1.0,low,log_survival,linear_survival,1.0
1.0,1.0,low,log_survival,right_step,1.0
1.0,1.0,high,log_survival,linear_survival,1.0
1.0,1.0,high,log_survival,right_step,1.0
1.0,2.0,low,log_survival,linear_survival,0.9958105595261167
1.0,2.0,low,log_survival,right_step,0.3653825949346309
1.0,2.0,high,log_survival,linear_survival,0.975463057201236
1.0,2.0,high,log_survival,right_step,0.11719058385673585
1.0,3.0,low,log_survival,linear_survival,0.9986238377739104
1.0,3.0,low,log_survival,right_step,0.3503395063983742
1.0,3.0,high,log_survival,linear_survival,0.9978344641575284
1.0,3.0,high,log_survival,right_step,0.1100664913147389
1.0,5.0,low,log_survival,linear_survival,0.9961618020087529
1.0,5.0,low,log_survival,right_step,0.9485033700388144
1.0,5.0,high,log_survival,linear_survival,0.9883439613434155
1.0,5.0,high,log_survival,right_step,0.9349198897229286
1.0,10.0,low,log_survival,linear_survival,0.9940481074383085
1.0,10.0,low,log_survival,right_step,0.9583589136258247
1.0,10.0,high,log_survival,linear_survival,0.9961880718940544
1.0,10.0,high,log_survival,right_step,0.9667860741469599
1.0,20.0,low,log_survival,linear_survival,0.9999723384475134
1.0,20.0,low,log_survival,right_step,0.9876985333969939
1.0,20.0,high,log_survival,linear_survival,1.0
1.0,20.0,high,log_survival,right_step,0.9785835877245538
1.0,30.0,low,log_survival,linear_survival,0.9983276024884121
1.0,30.0,low,log_survival,right_step,0.9449154450180652
1.0,30.0,high,log_survival,linear_survival,0.996069298760262
1.0,30.0,high,log_survival,right_step,0.9178659186742479
1.0,60.0,low,log_survival,linear_survival,1.0
1.0,60.0,low,log_survival,right_step,0.9903736710387889
1.0,60.0,high,log_survival,linear_survival,0.9999477773876089
1.0,60.0,high,log_survival,right_step,0.9858415503794593
1.0,120.0,low,log_survival,linear_survival,0.9999897776027276
1.0,120.0,low,log_survival,right_step,0.9903804722509479
1.0,120.0,high,log_survival,linear_survival,0.9999825599786389
1.0,120.0,high,log_survival,right_step,0.9827836146600654
1.0,180.0,low,log_survival,linear_survival,0.9999627151546058
1.0,180.0,low,log_survival,right_step,0.9908826253249898
1.0,180.0,high,log_survival,linear_survival,1.0
1.0,180.0,high,log_survival,right_step,0.9827762586877921
1.0,300.0,low,log_survival,linear_survival,0.9993170441961382
1.0,300.0,low,log_survival,right_step,0.9909431341617101
1.0,300.0,high,log_survival,linear_survival,0.9999579022574614
1.0,300.0,high,log_survival,right_step,0.9829699696373033
1.0,600.0,low,log_survival,linear_survival,1.0
1.0,600.0,low,log_survival,right_step,0.9914677116843484
1.0,600.0,high,log_survival,linear_survival,1.0
1.0,600.0,high,log_survival,right_step,0.9874827094804329
1.0,900.0,low,log_survival,linear_survival,1.0
1.0,900.0,low,log_survival,right_step,0.9914677116843484
1.0,900.0,high,log_survival,linear_survival,1.0
1.0,900.0,high,log_survival,right_step,0.9874856970432091
1.0,1200.0,low,log_survival,linear_survival,1.0
1.0,1200.0,low,log_survival,right_step,0.9914677116843484
1.0,1200.0,high,log_survival,linear_survival,0.9999536955742591
1.0,1200.0,high,log_survival,right_step,0.9874646734421959
1.0,1800.0,low,log_survival,linear_survival,1.0
1.0,1800.0,low,log_survival,right_step,0.9910430160307445
1.0,1800.0,high,log_survival,linear_survival,0.9998438791937201
1.0,1800.0,high,log_survival,right_step,0.9890830163668174
1.0,2400.0,low,log_survival,linear_survival,0.9961671517412339
1.0,2400.0,low,log_survival,right_step,0.9896125001569516
1.0,2400.0,high,log_survival,linear_survival,0.9999820127493633
1.0,2400.0,high,log_survival,right_step,0.9891233594798304
1.0,3600.0,low,log_survival,linear_survival,0.9932194795667372
1.0,3600.0,low,log_survival,right_step,0.9860371137516964
1.0,3600.0,high,log_survival,linear_survival,0.996843299439369
1.0,3600.0,high,log_survival,right_step,0.9826800196315745
2.0,1.0,low,log_survival,linear_survival,0.9999787413545644
2.0,1.0,low,log_survival,right_step,0.09753657079775802
2.0,1.0,high,log_survival,linear_survival,0.9998269092366697
2.0,1.0,high,log_survival,right_step,0.10838624608391799
2.0,2.0,low,log_survival,linear_survival,0.9999787413545644
2.0,2.0,low,log_survival,right_step,0.09753657079775802
2.0,2.0,high,log_survival,linear_survival,1.0
2.0,2.0,high,log_survival,right_step,0.1084596574054816
2.0,3.0,low,log_survival,linear_survival,1.0
2.0,3.0,low,log_survival,right_step,1.0
2.0,3.0,high,log_survival,linear_survival,1.0
2.0,3.0,high,log_survival,right_step,1.0
2.0,5.0,low,log_survival,linear_survival,0.9970425965505244
2.0,5.0,low,log_survival,right_step,0.9141482957544417
2.0,5.0,high,log_survival,linear_survival,0.9805052045269309
2.0,5.0,high,log_survival,right_step,0.8797965352766384
2.0,10.0,low,log_survival,linear_survival,0.99524817125489
2.0,10.0,low,log_survival,right_step,0.9223495103484974
2.0,10.0,high,log_survival,linear_survival,0.9850297614203007
2.0,10.0,high,log_survival,right_step,0.9393029575246735
2.0,20.0,low,log_survival,linear_survival,0.9998821671525753
2.0,20.0,low,log_survival,right_step,0.9903363216366174
2.0,20.0,high,log_survival,linear_survival,0.997615589629149
2.0,20.0,high,log_survival,right_step,0.9876703807369535
2.0,30.0,low,log_survival,linear_survival,0.9985473572446694
2.0,30.0,low,log_survival,right_step,0.9477150721137791
2.0,30.0,high,log_survival,linear_survival,0.9978537179574286
2.0,30.0,high,log_survival,right_step,0.9172478826508338
2.0,60.0,low,log_survival,linear_survival,1.0
2.0,60.0,low,log_survival,right_step,1.0
2.0,60.0,high,log_survival,linear_survival,1.0
2.0,60.0,high,log_survival,right_step,1.0
2.0,120.0,low,log_survival,linear_survival,1.0
2.0,120.0,low,log_survival,right_step,0.9998354144398017
2.0,120.0,high,log_survival,linear_survival,1.0
2.0,120.0,high,log_survival,right_step,0.9978708829131224
2.0,180.0,low,log_survival,linear_survival,1.0
2.0,180.0,low,log_survival,right_step,1.0
2.0,180.0,high,log_survival,linear_survival,1.0
2.0,180.0,high,log_survival,right_step,1.0
2.0,300.0,low,log_survival,linear_survival,1.0
2.0,300.0,low,log_survival,right_step,1.0
2.0,300.0,high,log_survival,linear_survival,1.0
2.0,300.0,high,log_survival,right_step,0.9998779188628112
2.0,600.0,low,log_survival,linear_survival,1.0
2.0,600.0,low,log_survival,right_step,1.0
2.0,600.0,high,log_survival,linear_survival,1.0
2.0,600.0,high,log_survival,right_step,1.0
2.0,900.0,low,log_survival,linear_survival,1.0
2.0,900.0,low,log_survival,right_step,1.0
2.0,900.0,high,log_survival,linear_survival,1.0
2.0,900.0,high,log_survival,right_step,0.9993405904811868
2.0,1200.0,low,log_survival,linear_survival,1.0
2.0,1200.0,low,log_survival,right_step,0.99898451337371
2.0,1200.0,high,log_survival,linear_survival,1.0
2.0,1200.0,high,log_survival,right_step,0.9992598408080912
2.0,1800.0,low,log_survival,linear_survival,1.0
2.0,1800.0,low,log_survival,right_step,1.0
2.0,1800.0,high,log_survival,linear_survival,1.0
2.0,1800.0,high,log_survival,right_step,1.0
2.0,2400.0,low,log_survival,linear_survival,0.9997987828788473
2.0,2400.0,low,log_survival,right_step,0.9964240374458518
2.0,2400.0,high,log_survival,linear_survival,1.0
2.0,2400.0,high,log_survival,right_step,0.9967309483160018
2.0,3600.0,low,log_survival,linear_survival,0.9856593046455402
2.0,3600.0,low,log_survival,right_step,0.9782194749709354
2.0,3600.0,high,log_survival,linear_survival,0.9916874264547759
2.0,3600.0,high,log_survival,right_step,0.9880724202941509
3.0,1.0,low,log_survival,linear_survival,1.0
3.0,1.0,low,log_survival,right_step,0.094336665314273
3.0,1.0,high,log_survival,linear_survival,1.0
3.0,1.0,high,log_survival,right_step,0.11932548865944756
3.0,2.0,low,log_survival,linear_survival,1.0
3.0,2.0,low,log_survival,right_step,1.0
3.0,2.0,high,log_survival,linear_survival,0.9948077001204373
3.0,2.0,high,log_survival,right_step,0.9948077001204373
3.0,3.0,low,log_survival,linear_survival,0.9893126748304867
3.0,3.0,low,log_survival,right_step,0.9092165667410882
3.0,3.0,high,log_survival,linear_survival,0.9696137003927591
3.0,3.0,high,log_survival,right_step,0.9126890106921055
3.0,5.0,low,log_survival,linear_survival,0.9967299081613604
3.0,5.0,low,log_survival,right_step,0.8582564047341681
3.0,5.0,high,log_survival,linear_survival,0.9463762396029682
3.0,5.0,high,log_survival,right_step,0.7769573255637074
3.0,10.0,low,log_survival,linear_survival,0.9707703767654103
3.0,10.0,low,log_survival,right_step,0.7963756556813927
3.0,10.0,high,log_survival,linear_survival,0.9617728267191898
3.0,10.0,high,log_survival,right_step,0.8407444962953271
3.0,20.0,low,log_survival,linear_survival,0.9950260381455222
3.0,20.0,low,log_survival,right_step,0.9055682705072513
3.0,20.0,high,log_survival,linear_survival,0.9699465016599467
3.0,20.0,high,log_survival,right_step,0.8899578577077898
3.0,30.0,low,log_survival,linear_survival,0.9853211153076716
3.0,30.0,low,log_survival,right_step,0.8734385380317884
3.0,30.0,high,log_survival,linear_survival,0.9682490135292049
3.0,30.0,high,log_survival,right_step,0.8483705047227564
3.0,60.0,low,log_survival,linear_survival,0.9976404694914542
3.0,60.0,low,log_survival,right_step,0.939189585111397
3.0,60.0,high,log_survival,linear_survival,0.9749745334157965
3.0,60.0,high,log_survival,right_step,0.8674600805208176
3.0,120.0,low,log_survival,linear_survival,0.9975394621067323
3.0,120.0,low,log_survival,right_step,0.939026681399444
3.0,120.0,high,log_survival,linear_survival,0.9744820064015594
3.0,120.0,high,log_survival,right_step,0.8670574617265523
3.0,180.0,low,log_survival,linear_survival,0.9976507043621433
3.0,180.0,low,log_survival,right_step,0.9395199137473452
3.0,180.0,high,log_survival,linear_survival,0.973069416726421
3.0,180.0,high,log_survival,right_step,0.8668783096032063
3.0,300.0,low,log_survival,linear_survival,0.997650281867724
3.0,300.0,low,log_survival,right_step,0.9393453183911994
3.0,300.0,high,log_survival,linear_survival,0.9730015298766193
3.0,300.0,high,log_survival,right_step,0.866996329901861
3.0,600.0,low,log_survival,linear_survival,0.9976456472697844
3.0,600.0,low,log_survival,right_step,0.9390630346584526
3.0,600.0,high,log_survival,linear_survival,0.9658392746149512
3.0,600.0,high,log_survival,right_step,0.8599434321464371
3.0,900.0,low,log_survival,linear_survival,0.9975439119273859
3.0,900.0,low,log_survival,right_step,0.9389642672124577
3.0,900.0,high,log_survival,linear_survival,0.9650291009293418
3.0,900.0,high,log_survival,right_step,0.859071626642834
3.0,1200.0,low,log_survival,linear_survival,0.9971276678802018
3.0,1200.0,low,log_survival,right_step,0.9385623704232126
3.0,1200.0,high,log_survival,linear_survival,0.9655800638488523
3.0,1200.0,high,log_survival,right_step,0.8590569149085941
3.0,1800.0,low,log_survival,linear_survival,0.9974484657662049
3.0,1800.0,low,log_survival,right_step,0.9387986435805192
3.0,1800.0,high,log_survival,linear_survival,0.9667104366965174
3.0,1800.0,high,log_survival,right_step,0.8604002303131278
3.0,2400.0,low,log_survival,linear_survival,0.9934450768545552
3.0,2400.0,low,log_survival,right_step,0.9346318160312329
3.0,2400.0,high,log_survival,linear_survival,0.9681865027186467
3.0,2400.0,high,log_survival,right_step,0.8610545896357076
3.0,3600.0,low,log_survival,linear_survival,0.9927460793208157
3.0,3600.0,low,log_survival,right_step,0.9304878908714138
3.0,3600.0,high,log_survival,linear_survival,0.9750201230576133
3.0,3600.0,high,log_survival,right_step,0.8601197601857085
5.0,1.0,low,log_survival,linear_survival,1.0
5.0,1.0,low,log_survival,right_step,0.08516229373605153
5.0,1.0,high,log_survival,linear_survival,0.9992491761476879
5.0,1.0,high,log_survival,right_step,0.12388835042073847
5.0,2.0,low,log_survival,linear_survival,1.0
5.0,2.0,low,log_survival,right_step,0.08516229373605153
5.0,2.0,high,log_survival,linear_survival,0.9993457235042745
5.0,2.0,high,log_survival,right_step,0.12389507175946099
5.0,3.0,low,log_survival,linear_survival,1.0
5.0,3.0,low,log_survival,right_step,0.08516229373605153
5.0,3.0,high,log_survival,linear_survival,0.9996415860615787
5.0,3.0,high,log_survival,right_step,0.1239068755599399
5.0,5.0,low,log_survival,linear_survival,1.0
5.0,5.0,low,log_survival,right_step,1.0
5.0,5.0,high,log_survival,linear_survival,1.0
5.0,5.0,high,log_survival,right_step,1.0
5.0,10.0,low,log_survival,linear_survival,0.9709422132667164
5.0,10.0,low,log_survival,right_step,0.5944289598932931
5.0,10.0,high,log_survival,linear_survival,0.9699307929163015
5.0,10.0,high,log_survival,right_step,0.7371236556118722
5.0,20.0,low,log_survival,linear_survival,1.0
5.0,20.0,low,log_survival,right_step,0.9893168436382614
5.0,20.0,high,log_survival,linear_survival,0.9875579137560664
5.0,20.0,high,log_survival,right_step,0.9145941459450935
5.0,30.0,low,log_survival,linear_survival,0.9998409223762087
5.0,30.0,low,log_survival,right_step,0.9564193597284597
5.0,30.0,high,log_survival,linear_survival,0.98857163179815
5.0,30.0,high,log_survival,right_step,0.8183386048365003
5.0,60.0,low,log_survival,linear_survival,1.0
5.0,60.0,low,log_survival,right_step,1.0
5.0,60.0,high,log_survival,linear_survival,1.0
5.0,60.0,high,log_survival,right_step,0.999191842325546
5.0,120.0,low,log_survival,linear_survival,1.0
5.0,120.0,low,log_survival,right_step,0.999570108080601
5.0,120.0,high,log_survival,linear_survival,1.0
5.0,120.0,high,log_survival,right_step,0.9977460555972952
5.0,180.0,low,log_survival,linear_survival,1.0
5.0,180.0,low,log_survival,right_step,1.0
5.0,180.0,high,log_survival,linear_survival,1.0
5.0,180.0,high,log_survival,right_step,1.0
5.0,300.0,low,log_survival,linear_survival,1.0
5.0,300.0,low,log_survival,right_step,1.0
5.0,300.0,high,log_survival,linear_survival,1.0
5.0,300.0,high,log_survival,right_step,0.9997936874448533
5.0,600.0,low,log_survival,linear_survival,1.0
5.0,600.0,low,log_survival,right_step,1.0
5.0,600.0,high,log_survival,linear_survival,1.0
5.0,600.0,high,log_survival,right_step,1.0
5.0,900.0,low,log_survival,linear_survival,1.0
5.0,900.0,low,log_survival,right_step,1.0
5.0,900.0,high,log_survival,linear_survival,1.0
5.0,900.0,high,log_survival,right_step,0.9994421532731448
5.0,1200.0,low,log_survival,linear_survival,1.0
5.0,1200.0,low,log_survival,right_step,0.9998617001309289
5.0,1200.0,high,log_survival,linear_survival,1.0
5.0,1200.0,high,log_survival,right_step,0.9988635594322666
5.0,1800.0,low,log_survival,linear_survival,1.0
5.0,1800.0,low,log_survival,right_step,1.0
5.0,1800.0,high,log_survival,linear_survival,1.0
5.0,1800.0,high,log_survival,right_step,1.0
5.0,2400.0,low,log_survival,linear_survival,0.9987849368669012
5.0,2400.0,low,log_survival,right_step,0.9937918436336255
5.0,2400.0,high,log_survival,linear_survival,0.9999672807486774
5.0,2400.0,high,log_survival,right_step,0.9972188766845362
5.0,3600.0,low,log_survival,linear_survival,0.9981674638566259
5.0,3600.0,low,log_survival,right_step,0.9806317816259932
5.0,3600.0,high,log_survival,linear_survival,0.9966074541770721
5.0,3600.0,high,log_survival,right_step,0.9914068254357967
7.0,1.0,low,log_survival,linear_survival,1.0
7.0,1.0,low,log_survival,right_step,0.08800931174221334
7.0,1.0,high,log_survival,linear_survival,1.0
7.0,1.0,high,log_survival,right_step,0.09874209061116579
7.0,2.0,low,log_survival,linear_survival,1.0
7.0,2.0,low,log_survival,right_step,0.08800931174221334
7.0,2.0,high,log_survival,linear_survival,0.9995031429000494
7.0,2.0,high,log_survival,right_step,0.09872295521478815
7.0,3.0,low,log_survival,linear_survival,1.0
7.0,3.0,low,log_survival,right_step,1.0
7.0,3.0,high,log_survival,linear_survival,0.998331617773203
7.0,3.0,high,log_survival,right_step,0.998331617773203
7.0,5.0,low,log_survival,linear_survival,0.9500265948398543
7.0,5.0,low,log_survival,right_step,0.6849928872647723
7.0,5.0,high,log_survival,linear_survival,0.9511553496840527
7.0,5.0,high,log_survival,right_step,0.776278390690033
7.0,10.0,low,log_survival,linear_survival,0.9731583176615729
7.0,10.0,low,log_survival,right_step,0.4762366106142464
7.0,10.0,high,log_survival,linear_survival,0.9164031451647365
7.0,10.0,high,log_survival,right_step,0.5484407586655164
7.0,20.0,low,log_survival,linear_survival,0.9851977452131768
7.0,20.0,low,log_survival,right_step,0.8283538669995546
7.0,20.0,high,log_survival,linear_survival,0.9508900935581938
7.0,20.0,high,log_survival,right_step,0.735587641763037
7.0,30.0,low,log_survival,linear_survival,0.9857397079077632
7.0,30.0,low,log_survival,right_step,0.8134216648123799
7.0,30.0,high,log_survival,linear_survival,0.9427141230998455
7.0,30.0,high,log_survival,right_step,0.6533316963569706
7.0,60.0,low,log_survival,linear_survival,0.9833665153295724
7.0,60.0,low,log_survival,right_step,0.8596498614571153
7.0,60.0,high,log_survival,linear_survival,0.9639612088248154
7.0,60.0,high,log_survival,right_step,0.8217835403627177
7.0,120.0,low,log_survival,linear_survival,0.9833124969722827
7.0,120.0,low,log_survival,right_step,0.8594321966037928
7.0,120.0,high,log_survival,linear_survival,0.9628076698340852
7.0,120.0,high,log_survival,right_step,0.8223272247808123
7.0,180.0,low,log_survival,linear_survival,0.9834796660061933
7.0,180.0,low,log_survival,right_step,0.8594649689219935
7.0,180.0,high,log_survival,linear_survival,0.965359645706791
7.0,180.0,high,log_survival,right_step,0.8230907049446372
7.0,300.0,low,log_survival,linear_survival,0.9837489276060767
7.0,300.0,low,log_survival,right_step,0.8595537398362357
7.0,300.0,high,log_survival,linear_survival,0.9638372850613135
7.0,300.0,high,log_survival,right_step,0.8215490951539696
7.0,600.0,low,log_survival,linear_survival,0.983450829074095
7.0,600.0,low,log_survival,right_step,0.859366470100704
7.0,600.0,high,log_survival,linear_survival,0.9641387557793853
7.0,600.0,high,log_survival,right_step,0.8221747924448114
7.0,900.0,low,log_survival,linear_survival,0.9835829691482278
7.0,900.0,low,log_survival,right_step,0.8595747995447233
7.0,900.0,high,log_survival,linear_survival,0.9641835462800326
7.0,900.0,high,log_survival,right_step,0.8223004731491748
7.0,1200.0,low,log_survival,linear_survival,0.9835001683656289
7.0,1200.0,low,log_survival,right_step,0.8595747995447233
7.0,1200.0,high,log_survival,linear_survival,0.9601483626354306
7.0,1200.0,high,log_survival,right_step,0.8185834318741487
7.0,1800.0,low,log_survival,linear_survival,0.9836684934723317
7.0,1800.0,low,log_survival,right_step,0.8605667766083045
7.0,1800.0,high,log_survival,linear_survival,0.9592394502601076
7.0,1800.0,high,log_survival,right_step,0.8210750436572893
7.0,2400.0,low,log_survival,linear_survival,0.9815932815988094
7.0,2400.0,low,log_survival,right_step,0.8567700259630412
7.0,2400.0,high,log_survival,linear_survival,0.960921308283343
7.0,2400.0,high,log_survival,right_step,0.8224017352520776
7.0,3600.0,low,log_survival,linear_survival,0.9880539143909374
7.0,3600.0,low,log_survival,right_step,0.8507951727034287
7.0,3600.0,high,log_survival,linear_survival,0.9622318499200807
7.0,3600.0,high,log_survival,right_step,0.8212706841291842
10.0,1.0,low,log_survival,linear_survival,0.9990185318682322
10.0,1.0,low,log_survival,right_step,0.10656696399902725
10.0,1.0,high,log_survival,linear_survival,0.9968910932481995
10.0,1.0,high,log_survival,right_step,0.10484881589520843
10.0,2.0,low,log_survival,linear_survival,0.9990185318682322
10.0,2.0,low,log_survival,right_step,0.10656696399902725
10.0,2.0,high,log_survival,linear_survival,0.997018981778443
10.0,2.0,high,log_survival,right_step,0.10485625067298374
10.0,3.0,low,log_survival,linear_survival,0.999029944288369
10.0,3.0,low,log_survival,right_step,0.10657328051323783
10.0,3.0,high,log_survival,linear_survival,0.997018981778443
10.0,3.0,high,log_survival,right_step,0.10485625067298374
10.0,5.0,low,log_survival,linear_survival,0.999029944288369
10.0,5.0,low,log_survival,right_step,0.10657328051323783
10.0,5.0,high,log_survival,linear_survival,0.997018981778443
10.0,5.0,high,log_survival,right_step,0.10485625067298374
10.0,10.0,low,log_survival,linear_survival,1.0
10.0,10.0,low,log_survival,right_step,1.0
10.0,10.0,high,log_survival,linear_survival,1.0
10.0,10.0,high,log_survival,right_step,1.0
10.0,20.0,low,log_survival,linear_survival,1.0
10.0,20.0,low,log_survival,right_step,0.9791227232981975
10.0,20.0,high,log_survival,linear_survival,0.9939797737860143
10.0,20.0,high,log_survival,right_step,0.861023556845425
10.0,30.0,low,log_survival,linear_survival,0.9999248075931005
10.0,30.0,low,log_survival,right_step,0.9421664830329876
10.0,30.0,high,log_survival,linear_survival,0.9884330699495473
10.0,30.0,high,log_survival,right_step,0.7873877107669224
10.0,60.0,low,log_survival,linear_survival,1.0
10.0,60.0,low,log_survival,right_step,1.0
10.0,60.0,high,log_survival,linear_survival,1.0
10.0,60.0,high,log_survival,right_step,0.9998886449229223
10.0,120.0,low,log_survival,linear_survival,1.0
10.0,120.0,low,log_survival,right_step,1.0
10.0,120.0,high,log_survival,linear_survival,1.0
10.0,120.0,high,log_survival,right_step,0.9984747666535525
10.0,180.0,low,log_survival,linear_survival,1.0
10.0,180.0,low,log_survival,right_step,0.9999676536428183
10.0,180.0,high,log_survival,linear_survival,1.0
10.0,180.0,high,log_survival,right_step,0.9997514045170368
10.0,300.0,low,log_survival,linear_survival,1.0
10.0,300.0,low,log_survival,right_step,0.9999676536428183
10.0,300.0,high,log_survival,linear_survival,1.0
10.0,300.0,high,log_survival,right_step,0.9922069831339081
10.0,600.0,low,log_survival,linear_survival,1.0
10.0,600.0,low,log_survival,right_step,1.0
10.0,600.0,high,log_survival,linear_survival,1.0
10.0,600.0,high,log_survival,right_step,1.0
10.0,900.0,low,log_survival,linear_survival,1.0
10.0,900.0,low,log_survival,right_step,0.9993986118591458
10.0,900.0,high,log_survival,linear_survival,1.0
10.0,900.0,high,log_survival,right_step,0.9955445647864104
10.0,1200.0,low,log_survival,linear_survival,1.0
10.0,1200.0,low,log_survival,right_step,0.9993986118591458
10.0,1200.0,high,log_survival,linear_survival,1.0
10.0,1200.0,high,log_survival,right_step,0.9953507918167864
10.0,1800.0,low,log_survival,linear_survival,1.0
10.0,1800.0,low,log_survival,right_step,0.9997658697036348
10.0,1800.0,high,log_survival,linear_survival,1.0
10.0,1800.0,high,log_survival,right_step,1.0
10.0,2400.0,low,log_survival,linear_survival,0.9877191126092847
10.0,2400.0,low,log_survival,right_step,0.9654331032676805
10.0,2400.0,high,log_survival,linear_survival,1.0
10.0,2400.0,high,log_survival,right_step,0.9968310377757401
10.0,3600.0,low,log_survival,linear_survival,0.9925128334491892
10.0,3600.0,low,log_survival,right_step,0.9290489021910275
10.0,3600.0,high,log_survival,linear_survival,0.9869656137779129
10.0,3600.0,high,log_survival,right_step,0.9819584132522902
15.0,1.0,low,log_survival,linear_survival,1.0
15.0,1.0,low,log_survival,right_step,0.10659060683230756
15.0,1.0,high,log_survival,linear_survival,0.9998578116689224
15.0,1.0,high,log_survival,right_step,0.10494978558470844
15.0,2.0,low,log_survival,linear_survival,0.9999651735255474
15.0,2.0,low,log_survival,right_step,0.10658855329719569
15.0,2.0,high,log_survival,linear_survival,0.9995209341258101
15.0,2.0,high,log_survival,right_step,0.10493025603510488
15.0,3.0,low,log_survival,linear_survival,0.9999651735255474
15.0,3.0,low,log_survival,right_step,0.10658855329719569
15.0,3.0,high,log_survival,linear_survival,0.9995209341258101
15.0,3.0,high,log_survival,right_step,0.10493025603510488
15.0,5.0,low,log_survival,linear_survival,0.9999651735255474
15.0,5.0,low,log_survival,right_step,0.9999651735255474
15.0,5.0,high,log_survival,linear_survival,0.9990349674340974
15.0,5.0,high,log_survival,right_step,0.9990349674340974
15.0,10.0,low,log_survival,linear_survival,1.0
15.0,10.0,low,log_survival,right_step,0.9772675098088321
15.0,10.0,high,log_survival,linear_survival,0.9791903156175497
15.0,10.0,high,log_survival,right_step,0.8538583114310094
15.0,20.0,low,log_survival,linear_survival,0.9978899428666304
15.0,20.0,low,log_survival,right_step,0.9231075515569672
15.0,20.0,high,log_survival,linear_survival,0.9702078840554454
15.0,20.0,high,log_survival,right_step,0.740589141098341
15.0,30.0,low,log_survival,linear_survival,0.9964384891696162
15.0,30.0,low,log_survival,right_step,0.8880036485048001
15.0,30.0,high,log_survival,linear_survival,0.9546971717052981
15.0,30.0,high,log_survival,right_step,0.6703011623811201
15.0,60.0,low,log_survival,linear_survival,0.9967869142834357
15.0,60.0,low,log_survival,right_step,0.9329441117967243
15.0,60.0,high,log_survival,linear_survival,0.9870957331888816
15.0,60.0,high,log_survival,right_step,0.8891390907877675
15.0,120.0,low,log_survival,linear_survival,0.984933300204411
15.0,120.0,low,log_survival,right_step,0.9329441117967243
15.0,120.0,high,log_survival,linear_survival,0.9858801219524972
15.0,120.0,high,log_survival,right_step,0.8917481867434791
15.0,180.0,low,log_survival,linear_survival,0.9855289587866083
15.0,180.0,low,log_survival,right_step,0.9315786214408914
15.0,180.0,high,log_survival,linear_survival,0.9847704838719812
15.0,180.0,high,log_survival,right_step,0.8912307879654159
15.0,300.0,low,log_survival,linear_survival,0.9850564753533624
15.0,300.0,low,log_survival,right_step,0.9314594754808566
15.0,300.0,high,log_survival,linear_survival,0.9859100919699678
15.0,300.0,high,log_survival,right_step,0.8916533273722321
15.0,600.0,low,log_survival,linear_survival,0.9969472793139528
15.0,600.0,low,log_survival,right_step,0.9407023627456593
15.0,600.0,high,log_survival,linear_survival,0.9852936250041875
15.0,600.0,high,log_survival,right_step,0.8907728584746227
15.0,900.0,low,log_survival,linear_survival,0.9982110573293476
15.0,900.0,low,log_survival,right_step,0.9409274502786441
15.0,900.0,high,log_survival,linear_survival,0.9877047159548096
15.0,900.0,high,log_survival,right_step,0.8904671987813073
15.0,1200.0,low,log_survival,linear_survival,0.9970406660923523
15.0,1200.0,low,log_survival,right_step,0.9411054803557092
15.0,1200.0,high,log_survival,linear_survival,0.988112526494722
15.0,1200.0,high,log_survival,right_step,0.8902668911610807
15.0,1800.0,low,log_survival,linear_survival,0.9989179977263188
15.0,1800.0,low,log_survival,right_step,0.9428441502975778
15.0,1800.0,high,log_survival,linear_survival,0.9890282773219928
15.0,1800.0,high,log_survival,right_step,0.8961010370082767
15.0,2400.0,low,log_survival,linear_survival,0.988064227918507
15.0,2400.0,low,log_survival,right_step,0.9104582081570458
15.0,2400.0,high,log_survival,linear_survival,0.9885098190058054
15.0,2400.0,high,log_survival,right_step,0.8943174854215674
15.0,3600.0,low,log_survival,linear_survival,0.9965373574570067
15.0,3600.0,low,log_survival,right_step,0.9067071135260357
15.0,3600.0,high,log_survival,linear_survival,0.9688326298081389
15.0,3600.0,high,log_survival,right_step,0.8811373841112178
20.0,1.0,low,log_survival,linear_survival,0.9998711459017177
20.0,1.0,low,log_survival,right_step,0.1126323323532881
20.0,1.0,high,log_survival,linear_survival,0.9997867957736704
20.0,1.0,high,log_survival,right_step,0.11355229651108757
20.0,2.0,low,log_survival,linear_survival,0.9998711459017177
20.0,2.0,low,log_survival,right_step,0.1126323323532881
20.0,2.0,high,log_survival,linear_survival,0.9997867957736704
20.0,2.0,high,log_survival,right_step,0.11355229651108757
20.0,3.0,low,log_survival,linear_survival,0.9998711459017177
20.0,3.0,low,log_survival,right_step,0.1126323323532881
20.0,3.0,high,log_survival,linear_survival,0.9997867957736704
20.0,3.0,high,log_survival,right_step,0.11355229651108757
20.0,5.0,low,log_survival,linear_survival,1.0
20.0,5.0,low,log_survival,right_step,0.11264040138414289
20.0,5.0,high,log_survival,linear_survival,0.9997867957736704
20.0,5.0,high,log_survival,right_step,0.11355229651108757
20.0,10.0,low,log_survival,linear_survival,1.0
20.0,10.0,low,log_survival,right_step,0.11264040138414289
20.0,10.0,high,log_survival,linear_survival,0.9997867957736704
20.0,10.0,high,log_survival,right_step,0.11355229651108757
20.0,20.0,low,log_survival,linear_survival,1.0
20.0,20.0,low,log_survival,right_step,0.11264040138414289
20.0,20.0,high,log_survival,linear_survival,0.9998800726226896
20.0,20.0,high,log_survival,right_step,0.11354638692385757
20.0,30.0,low,log_survival,linear_survival,1.0
20.0,30.0,low,log_survival,right_step,0.11264040138414289
20.0,30.0,high,log_survival,linear_survival,1.0
20.0,30.0,high,log_survival,right_step,0.11355398507756766
20.0,60.0,low,log_survival,linear_survival,1.0
20.0,60.0,low,log_survival,right_step,0.9967960076744726
20.0,60.0,high,log_survival,linear_survival,1.0
20.0,60.0,high,log_survival,right_step,0.9995404345446695
20.0,120.0,low,log_survival,linear_survival,1.0
20.0,120.0,low,log_survival,right_step,0.9927277162944399
20.0,120.0,high,log_survival,linear_survival,1.0
20.0,120.0,high,log_survival,right_step,0.9983402333208417
20.0,180.0,low,log_survival,linear_survival,1.0
20.0,180.0,low,log_survival,right_step,0.9994872821505233
20.0,180.0,high,log_survival,linear_survival,1.0
20.0,180.0,high,log_survival,right_step,0.9921620051456552
20.0,300.0,low,log_survival,linear_survival,1.0
20.0,300.0,low,log_survival,right_step,0.9945110589447641
20.0,300.0,high,log_survival,linear_survival,1.0
20.0,300.0,high,log_survival,right_step,0.9904371660222525
20.0,600.0,low,log_survival,linear_survival,1.0
20.0,600.0,low,log_survival,right_step,0.99894060834257
20.0,600.0,high,log_survival,linear_survival,1.0
20.0,600.0,high,log_survival,right_step,1.0
20.0,900.0,low,log_survival,linear_survival,1.0
20.0,900.0,low,log_survival,right_step,0.9930021390065503
20.0,900.0,high,log_survival,linear_survival,1.0
20.0,900.0,high,log_survival,right_step,0.9992655090167406
20.0,1200.0,low,log_survival,linear_survival,1.0
20.0,1200.0,low,log_survival,right_step,0.9805566539255745
20.0,1200.0,high,log_survival,linear_survival,1.0
20.0,1200.0,high,log_survival,right_step,0.9988191007117704
20.0,1800.0,low,log_survival,linear_survival,0.9997093826155343
20.0,1800.0,low,log_survival,right_step,0.9986647785194444
20.0,1800.0,high,log_survival,linear_survival,1.0
20.0,1800.0,high,log_survival,right_step,0.9999677139949812
20.0,2400.0,low,log_survival,linear_survival,1.0
20.0,2400.0,low,log_survival,right_step,0.9040076697357603
20.0,2400.0,high,log_survival,linear_survival,0.9815727949694592
20.0,2400.0,high,log_survival,right_step,0.976438735647877
20.0,3600.0,low,log_survival,linear_survival,0.9998974426431261
20.0,3600.0,low,log_survival,right_step,0.8384227545093712
20.0,3600.0,high,log_survival,linear_survival,0.985184007209213
20.0,3600.0,high,log_survival,right_step,0.9364877166944231
30.0,1.0,low,log_survival,linear_survival,1.0
30.0,1.0,low,log_survival,right_step,0.11881242623650774
30.0,1.0,high,log_survival,linear_survival,0.9998089419952704
30.0,1.0,high,log_survival,right_step,0.12548398403613928
30.0,2.0,low,log_survival,linear_survival,1.0
30.0,2.0,low,log_survival,right_step,0.11881242623650774
30.0,2.0,high,log_survival,linear_survival,0.9998089419952704
30.0,2.0,high,log_survival,right_step,0.12548398403613928
30.0,3.0,low,log_survival,linear_survival,1.0
30.0,3.0,low,log_survival,right_step,0.11881242623650774
30.0,3.0,high,log_survival,linear_survival,0.9998089419952704
30.0,3.0,high,log_survival,right_step,0.12548398403613928
30.0,5.0,low,log_survival,linear_survival,1.0
30.0,5.0,low,log_survival,right_step,0.11881242623650774
30.0,5.0,high,log_survival,linear_survival,0.9998089419952704
30.0,5.0,high,log_survival,right_step,0.12548398403613928
30.0,10.0,low,log_survival,linear_survival,1.0
30.0,10.0,low,log_survival,right_step,0.11881242623650774
30.0,10.0,high,log_survival,linear_survival,0.9998089419952704
30.0,10.0,high,log_survival,right_step,0.12548398403613928
30.0,20.0,low,log_survival,linear_survival,1.0
30.0,20.0,low,log_survival,right_step,0.11881242623650774
30.0,20.0,high,log_survival,linear_survival,1.0
30.0,20.0,high,log_survival,right_step,0.12547048471681607
30.0,30.0,low,log_survival,linear_survival,1.0
30.0,30.0,low,log_survival,right_step,1.0
30.0,30.0,high,log_survival,linear_survival,0.9993095440228728
30.0,30.0,high,log_survival,right_step,0.9993095440228728
30.0,60.0,low,log_survival,linear_survival,1.0
30.0,60.0,low,log_survival,right_step,0.9979151354441386
30.0,60.0,high,log_survival,linear_survival,1.0
30.0,60.0,high,log_survival,right_step,0.9945556781124113
30.0,120.0,low,log_survival,linear_survival,1.0
30.0,120.0,low,log_survival,right_step,0.9934726443040524
30.0,120.0,high,log_survival,linear_survival,1.0
30.0,120.0,high,log_survival,right_step,0.9900161851204553
30.0,180.0,low,log_survival,linear_survival,1.0
30.0,180.0,low,log_survival,right_step,0.9962382550496685
30.0,180.0,high,log_survival,linear_survival,0.9997582574329826
30.0,180.0,high,log_survival,right_step,0.9992221042620751
30.0,300.0,low,log_survival,linear_survival,1.0
30.0,300.0,low,log_survival,right_step,0.992478231186595
30.0,300.0,high,log_survival,linear_survival,0.9999063403950273
30.0,300.0,high,log_survival,right_step,0.9976148491545138
30.0,600.0,low,log_survival,linear_survival,1.0
30.0,600.0,low,log_survival,right_step,0.9901047409700081
30.0,600.0,high,log_survival,linear_survival,0.9986062307846525
30.0,600.0,high,log_survival,right_step,0.9841276261147717
30.0,900.0,low,log_survival,linear_survival,1.0
30.0,900.0,low,log_survival,right_step,0.9797788834922633
30.0,900.0,high,log_survival,linear_survival,0.9998809636891156
30.0,900.0,high,log_survival,right_step,0.9856683136171871
30.0,1200.0,low,log_survival,linear_survival,1.0
30.0,1200.0,low,log_survival,right_step,0.974648906820137
30.0,1200.0,high,log_survival,linear_survival,0.9999530919614055
30.0,1200.0,high,log_survival,right_step,0.9859796153809482
30.0,1800.0,low,log_survival,linear_survival,0.9825534136335573
30.0,1800.0,low,log_survival,right_step,0.9777845328862296
30.0,1800.0,high,log_survival,linear_survival,0.997239767991634
30.0,1800.0,high,log_survival,right_step,0.990672832109781
30.0,2400.0,low,log_survival,linear_survival,1.0
30.0,2400.0,low,log_survival,right_step,0.8853248774132846
30.0,2400.0,high,log_survival,linear_survival,0.9940798098246851
30.0,2400.0,high,log_survival,right_step,0.9663210015499953
30.0,3600.0,low,log_survival,linear_survival,0.9996466146525104
30.0,3600.0,low,log_survival,right_step,0.8214592621909487
30.0,3600.0,high,log_survival,linear_survival,0.9854871530315407
30.0,3600.0,high,log_survival,right_step,0.9041818129776454
45.0,1.0,low,log_survival,linear_survival,1.0
45.0,1.0,low,log_survival,right_step,0.12056897626376106
45.0,1.0,high,log_survival,linear_survival,0.999796769616323
45.0,1.0,high,log_survival,right_step,0.1192392722279437
45.0,2.0,low,log_survival,linear_survival,1.0
45.0,2.0,low,log_survival,right_step,0.12056897626376106
45.0,2.0,high,log_survival,linear_survival,0.999796769616323
45.0,2.0,high,log_survival,right_step,0.1192392722279437
45.0,3.0,low,log_survival,linear_survival,1.0
45.0,3.0,low,log_survival,right_step,0.12056897626376106
45.0,3.0,high,log_survival,linear_survival,0.999684135909707
45.0,3.0,high,log_survival,right_step,0.11924680446688016
45.0,5.0,low,log_survival,linear_survival,1.0
45.0,5.0,low,log_survival,right_step,0.12056897626376106
45.0,5.0,high,log_survival,linear_survival,0.9943877457425015
45.0,5.0,high,log_survival,right_step,0.11945965540272373
45.0,10.0,low,log_survival,linear_survival,1.0
45.0,10.0,low,log_survival,right_step,0.12056897626376106
45.0,10.0,high,log_survival,linear_survival,0.9943877457425015
45.0,10.0,high,log_survival,right_step,0.11945965540272373
45.0,20.0,low,log_survival,linear_survival,1.0
45.0,20.0,low,log_survival,right_step,0.9992507912061771
45.0,20.0,high,log_survival,linear_survival,0.9999102627457633
45.0,20.0,high,log_survival,right_step,0.9937725869080013
45.0,30.0,low,log_survival,linear_survival,1.0
45.0,30.0,low,log_survival,right_step,0.9980511744431751
45.0,30.0,high,log_survival,linear_survival,0.9999102977010407
45.0,30.0,high,log_survival,right_step,0.9929513512456443
45.0,60.0,low,log_survival,linear_survival,1.0
45.0,60.0,low,log_survival,right_step,0.9850868663532704
45.0,60.0,high,log_survival,linear_survival,0.9979388248111509
45.0,60.0,high,log_survival,right_step,0.9904645509609316
45.0,120.0,low,log_survival,linear_survival,0.9997222706951343
45.0,120.0,low,log_survival,right_step,0.9736785352544065
45.0,120.0,high,log_survival,linear_survival,1.0
45.0,120.0,high,log_survival,right_step,0.9893105552165955
45.0,180.0,low,log_survival,linear_survival,1.0
45.0,180.0,low,log_survival,right_step,0.9841908075770007
45.0,180.0,high,log_survival,linear_survival,0.9988787365215042
45.0,180.0,high,log_survival,right_step,0.9940859938397301
45.0,300.0,low,log_survival,linear_survival,1.0
45.0,300.0,low,log_survival,right_step,0.974500951348441
45.0,300.0,high,log_survival,linear_survival,0.9986991913859201
45.0,300.0,high,log_survival,right_step,0.9883152784974727
45.0,600.0,low,log_survival,linear_survival,1.0
45.0,600.0,low,log_survival,right_step,0.9647052147076296
45.0,600.0,high,log_survival,linear_survival,0.9983749304462861
45.0,600.0,high,log_survival,right_step,0.9745225635449232
45.0,900.0,low,log_survival,linear_survival,1.0
45.0,900.0,low,log_survival,right_step,0.9606053011444283
45.0,900.0,high,log_survival,linear_survival,0.9946457097739667
45.0,900.0,high,log_survival,right_step,0.9699526561910018
45.0,1200.0,low,log_survival,linear_survival,1.0
45.0,1200.0,low,log_survival,right_step,0.9515758243682252
45.0,1200.0,high,log_survival,linear_survival,0.9974823766364552
45.0,1200.0,high,log_survival,right_step,0.9690217699535785
45.0,1800.0,low,log_survival,linear_survival,0.9923983201950805
45.0,1800.0,low,log_survival,right_step,0.9038865215107116
45.0,1800.0,high,log_survival,linear_survival,0.9990742639231811
45.0,1800.0,high,log_survival,right_step,0.9580900216228054
45.0,2400.0,low,log_survival,linear_survival,0.9995443805294519
45.0,2400.0,low,log_survival,right_step,0.8265591102490653
45.0,2400.0,high,log_survival,linear_survival,0.9801843346007605
45.0,2400.0,high,log_survival,right_step,0.9197741846046756
45.0,3600.0,low,log_survival,linear_survival,0.9998305118052212
45.0,3600.0,low,log_survival,right_step,0.7446170846329531
45.0,3600.0,high,log_survival,linear_survival,0.9894355657476289
45.0,3600.0,high,log_survival,right_step,0.8596884249776378
60.0,1.0,low,log_survival,linear_survival,1.0
60.0,1.0,low,log_survival,right_step,0.10810978638847492
60.0,1.0,high,log_survival,linear_survival,1.0
60.0,1.0,high,log_survival,right_step,0.10811722912966253
60.0,2.0,low,log_survival,linear_survival,1.0
60.0,2.0,low,log_survival,right_step,0.10810978638847492
60.0,2.0,high,log_survival,linear_survival,1.0
60.0,2.0,high,log_survival,right_step,0.10811722912966253
60.0,3.0,low,log_survival,linear_survival,1.0
60.0,3.0,low,log_survival,right_step,0.10810978638847492
60.0,3.0,high,log_survival,linear_survival,1.0
60.0,3.0,high,log_survival,right_step,0.10811722912966253
60.0,5.0,low,log_survival,linear_survival,1.0
60.0,5.0,low,log_survival,right_step,0.10810978638847492
60.0,5.0,high,log_survival,linear_survival,1.0
60.0,5.0,high,log_survival,right_step,0.10811722912966253
60.0,10.0,low,log_survival,linear_survival,1.0
60.0,10.0,low,log_survival,right_step,0.10810978638847492
60.0,10.0,high,log_survival,linear_survival,1.0
60.0,10.0,high,log_survival,right_step,0.10811722912966253
60.0,20.0,low,log_survival,linear_survival,1.0
60.0,20.0,low,log_survival,right_step,0.10810978638847492
60.0,20.0,high,log_survival,linear_survival,1.0
60.0,20.0,high,log_survival,right_step,0.10811722912966253
60.0,30.0,low,log_survival,linear_survival,1.0
60.0,30.0,low,log_survival,right_step,0.10810978638847492
60.0,30.0,high,log_survival,linear_survival,1.0
60.0,30.0,high,log_survival,right_step,0.10811722912966253
60.0,60.0,low,log_survival,linear_survival,1.0
60.0,60.0,low,log_survival,right_step,0.10810978638847492
60.0,60.0,high,log_survival,linear_survival,1.0
60.0,60.0,high,log_survival,right_step,0.10811722912966253
60.0,120.0,low,log_survival,linear_survival,1.0
60.0,120.0,low,log_survival,right_step,1.0
60.0,120.0,high,log_survival,linear_survival,1.0
60.0,120.0,high,log_survival,right_step,1.0
60.0,180.0,low,log_survival,linear_survival,1.0
60.0,180.0,low,log_survival,right_step,0.9948893051248197
60.0,180.0,high,log_survival,linear_survival,1.0
60.0,180.0,high,log_survival,right_step,0.992397893820607
60.0,300.0,low,log_survival,linear_survival,1.0
60.0,300.0,low,log_survival,right_step,0.9611964566791212
60.0,300.0,high,log_survival,linear_survival,1.0
60.0,300.0,high,log_survival,right_step,0.9758327421319513
60.0,600.0,low,log_survival,linear_survival,1.0
60.0,600.0,low,log_survival,right_step,0.9994777701277123
60.0,600.0,high,log_survival,linear_survival,1.0
60.0,600.0,high,log_survival,right_step,1.0
60.0,900.0,low,log_survival,linear_survival,1.0
60.0,900.0,low,log_survival,right_step,0.9977775563943527
60.0,900.0,high,log_survival,linear_survival,1.0
60.0,900.0,high,log_survival,right_step,0.9963280956689254
60.0,1200.0,low,log_survival,linear_survival,1.0
60.0,1200.0,low,log_survival,right_step,0.9959169543376529
60.0,1200.0,high,log_survival,linear_survival,1.0
60.0,1200.0,high,log_survival,right_step,0.9919083718268907
60.0,1800.0,low,log_survival,linear_survival,1.0
60.0,1800.0,low,log_survival,right_step,0.9551365057837766
60.0,1800.0,high,log_survival,linear_survival,0.9996412111527848
60.0,1800.0,high,log_survival,right_step,0.9293976138694433
60.0,2400.0,low,log_survival,linear_survival,1.0
60.0,2400.0,low,log_survival,right_step,0.8698894731812127
60.0,2400.0,high,log_survival,linear_survival,0.9991925517825404
60.0,2400.0,high,log_survival,right_step,0.7813859181894627
60.0,3600.0,low,log_survival,linear_survival,1.0
60.0,3600.0,low,log_survival,right_step,0.820569639052253
60.0,3600.0,high,log_survival,linear_survival,0.998154836103132
60.0,3600.0,high,log_survival,right_step,0.6636930194863483
90.0,1.0,low,log_survival,linear_survival,1.0
90.0,1.0,low,log_survival,right_step,0.10810978638847492
90.0,1.0,high,log_survival,linear_survival,1.0
90.0,1.0,high,log_survival,right_step,0.10811722912966253
90.0,2.0,low,log_survival,linear_survival,1.0
90.0,2.0,low,log_survival,right_step,0.10810978638847492
90.0,2.0,high,log_survival,linear_survival,1.0
90.0,2.0,high,log_survival,right_step,0.10811722912966253
90.0,3.0,low,log_survival,linear_survival,1.0
90.0,3.0,low,log_survival,right_step,0.10810978638847492
90.0,3.0,high,log_survival,linear_survival,1.0
90.0,3.0,high,log_survival,right_step,0.10811722912966253
90.0,5.0,low,log_survival,linear_survival,1.0
90.0,5.0,low,log_survival,right_step,0.10810978638847492
90.0,5.0,high,log_survival,linear_survival,1.0
90.0,5.0,high,log_survival,right_step,0.10811722912966253
90.0,10.0,low,log_survival,linear_survival,1.0
90.0,10.0,low,log_survival,right_step,0.10810978638847492
90.0,10.0,high,log_survival,linear_survival,1.0
90.0,10.0,high,log_survival,right_step,0.10811722912966253
90.0,20.0,low,log_survival,linear_survival,1.0
90.0,20.0,low,log_survival,right_step,0.10810978638847492
90.0,20.0,high,log_survival,linear_survival,1.0
90.0,20.0,high,log_survival,right_step,0.10811722912966253
90.0,30.0,low,log_survival,linear_survival,1.0
90.0,30.0,low,log_survival,right_step,0.10810978638847492
90.0,30.0,high,log_survival,linear_survival,1.0
90.0,30.0,high,log_survival,right_step,0.10811722912966253
90.0,60.0,low,log_survival,linear_survival,1.0
90.0,60.0,low,log_survival,right_step,0.10810978638847492
90.0,60.0,high,log_survival,linear_survival,1.0
90.0,60.0,high,log_survival,right_step,0.10811722912966253
90.0,120.0,low,log_survival,linear_survival,1.0
90.0,120.0,low,log_survival,right_step,0.9970599017342889
90.0,120.0,high,log_survival,linear_survival,1.0
90.0,120.0,high,log_survival,right_step,0.9949606314697502
90.0,180.0,low,log_survival,linear_survival,1.0
90.0,180.0,low,log_survival,right_step,0.9702113302531279
90.0,180.0,high,log_survival,linear_survival,1.0
90.0,180.0,high,log_survival,right_step,0.9831454700777403
90.0,300.0,low,log_survival,linear_survival,1.0
90.0,300.0,low,log_survival,right_step,0.9467159076743094
90.0,300.0,high,log_survival,linear_survival,1.0
90.0,300.0,high,log_survival,right_step,0.9622869769635389
90.0,600.0,low,log_survival,linear_survival,1.0
90.0,600.0,low,log_survival,right_step,0.9960238788642043
90.0,600.0,high,log_survival,linear_survival,1.0
90.0,600.0,high,log_survival,right_step,0.9942142439043585
90.0,900.0,low,log_survival,linear_survival,1.0
90.0,900.0,low,log_survival,right_step,0.9934895194750419
90.0,900.0,high,log_survival,linear_survival,1.0
90.0,900.0,high,log_survival,right_step,0.9933965325649775
90.0,1200.0,low,log_survival,linear_survival,1.0
90.0,1200.0,low,log_survival,right_step,0.9929867617619765
90.0,1200.0,high,log_survival,linear_survival,1.0
90.0,1200.0,high,log_survival,right_step,0.9902461293774606
90.0,1800.0,low,log_survival,linear_survival,0.9999262910129089
90.0,1800.0,low,log_survival,right_step,0.9536661871125639
90.0,1800.0,high,log_survival,linear_survival,0.9996229140120717
90.0,1800.0,high,log_survival,right_step,0.917156092315328
90.0,2400.0,low,log_survival,linear_survival,1.0
90.0,2400.0,low,log_survival,right_step,0.8512634664987274
90.0,2400.0,high,log_survival,linear_survival,0.9967213961808263
90.0,2400.0,high,log_survival,right_step,0.7724951115997993
90.0,3600.0,low,log_survival,linear_survival,1.0
90.0,3600.0,low,log_survival,right_step,0.8174753217214743
90.0,3600.0,high,log_survival,linear_survival,0.9993085306645734
90.0,3600.0,high,log_survival,right_step,0.6527323105237013
120.0,1.0,low,log_survival,linear_survival,1.0
120.0,1.0,low,log_survival,right_step,0.10810978638847492
120.0,1.0,high,log_survival,linear_survival,1.0
120.0,1.0,high,log_survival,right_step,0.10811722912966253
120.0,2.0,low,log_survival,linear_survival,1.0
120.0,2.0,low,log_survival,right_step,0.10810978638847492
120.0,2.0,high,log_survival,linear_survival,1.0
120.0,2.0,high,log_survival,right_step,0.10811722912966253
120.0,3.0,low,log_survival,linear_survival,1.0
120.0,3.0,low,log_survival,right_step,0.10810978638847492
120.0,3.0,high,log_survival,linear_survival,1.0
120.0,3.0,high,log_survival,right_step,0.10811722912966253
120.0,5.0,low,log_survival,linear_survival,1.0
120.0,5.0,low,log_survival,right_step,0.10810978638847492
120.0,5.0,high,log_survival,linear_survival,1.0
120.0,5.0,high,log_survival,right_step,0.10811722912966253
120.0,10.0,low,log_survival,linear_survival,1.0
120.0,10.0,low,log_survival,right_step,0.10810978638847492
120.0,10.0,high,log_survival,linear_survival,1.0
120.0,10.0,high,log_survival,right_step,0.10811722912966253
120.0,20.0,low,log_survival,linear_survival,1.0
120.0,20.0,low,log_survival,right_step,0.10810978638847492
120.0,20.0,high,log_survival,linear_survival,1.0
120.0,20.0,high,log_survival,right_step,0.10811722912966253
120.0,30.0,low,log_survival,linear_survival,1.0
120.0,30.0,low,log_survival,right_step,0.10810978638847492
120.0,30.0,high,log_survival,linear_survival,1.0
120.0,30.0,high,log_survival,right_step,0.10811722912966253
120.0,60.0,low,log_survival,linear_survival,1.0
120.0,60.0,low,log_survival,right_step,1.0
120.0,60.0,high,log_survival,linear_survival,1.0
120.0,60.0,high,log_survival,right_step,1.0
120.0,120.0,low,log_survival,linear_survival,1.0
120.0,120.0,low,log_survival,right_step,0.9702113302531279
120.0,120.0,high,log_survival,linear_survival,1.0
120.0,120.0,high,log_survival,right_step,0.9831454700777403
120.0,180.0,low,log_survival,linear_survival,1.0
120.0,180.0,low,log_survival,right_step,0.948255610476405
120.0,180.0,high,log_survival,linear_survival,1.0
120.0,180.0,high,log_survival,right_step,0.965539693374191
120.0,300.0,low,log_survival,linear_survival,1.0
120.0,300.0,low,log_survival,right_step,0.934672911999638
120.0,300.0,high,log_survival,linear_survival,1.0
120.0,300.0,high,log_survival,right_step,0.9374891754208895
120.0,600.0,low,log_survival,linear_survival,1.0
120.0,600.0,low,log_survival,right_step,0.989515510067681
120.0,600.0,high,log_survival,linear_survival,1.0
120.0,600.0,high,log_survival,right_step,0.9897075440794147
120.0,900.0,low,log_survival,linear_survival,1.0
120.0,900.0,low,log_survival,right_step,0.9914979498950425
120.0,900.0,high,log_survival,linear_survival,1.0
120.0,900.0,high,log_survival,right_step,0.9906029449830644
120.0,1200.0,low,log_survival,linear_survival,0.9999309916499897
120.0,1200.0,low,log_survival,right_step,0.9902293748957832
120.0,1200.0,high,log_survival,linear_survival,1.0
120.0,1200.0,high,log_survival,right_step,0.9889059767425318
120.0,1800.0,low,log_survival,linear_survival,1.0
120.0,1800.0,low,log_survival,right_step,0.9384764890506679
120.0,1800.0,high,log_survival,linear_survival,0.9947083715206592
120.0,1800.0,high,log_survival,right_step,0.8990552418330345
120.0,2400.0,low,log_survival,linear_survival,1.0
120.0,2400.0,low,log_survival,right_step,0.8465867234181877
120.0,2400.0,high,log_survival,linear_survival,0.9968300924638401
120.0,2400.0,high,log_survival,right_step,0.7560966101970211
120.0,3600.0,low,log_survival,linear_survival,1.0
120.0,3600.0,low,log_survival,right_step,0.8141138469814958
120.0,3600.0,high,log_survival,linear_survival,0.9989856399650459
120.0,3600.0,high,log_survival,right_step,0.6369483067680829
180.0,1.0,low,log_survival,linear_survival,1.0
180.0,1.0,low,log_survival,right_step,0.1083775873668537
180.0,1.0,high,log_survival,linear_survival,1.0
180.0,1.0,high,log_survival,right_step,0.10752697718284523
180.0,2.0,low,log_survival,linear_survival,1.0
180.0,2.0,low,log_survival,right_step,0.1083775873668537
180.0,2.0,high,log_survival,linear_survival,1.0
180.0,2.0,high,log_survival,right_step,0.10752697718284523
180.0,3.0,low,log_survival,linear_survival,1.0
180.0,3.0,low,log_survival,right_step,0.1083775873668537
180.0,3.0,high,log_survival,linear_survival,1.0
180.0,3.0,high,log_survival,right_step,0.10752697718284523
180.0,5.0,low,log_survival,linear_survival,1.0
180.0,5.0,low,log_survival,right_step,0.1083775873668537
180.0,5.0,high,log_survival,linear_survival,1.0
180.0,5.0,high,log_survival,right_step,0.10752697718284523
180.0,10.0,low,log_survival,linear_survival,1.0
180.0,10.0,low,log_survival,right_step,0.1083775873668537
180.0,10.0,high,log_survival,linear_survival,1.0
180.0,10.0,high,log_survival,right_step,0.10752697718284523
180.0,20.0,low,log_survival,linear_survival,1.0
180.0,20.0,low,log_survival,right_step,0.1083775873668537
180.0,20.0,high,log_survival,linear_survival,1.0
180.0,20.0,high,log_survival,right_step,0.10752697718284523
180.0,30.0,low,log_survival,linear_survival,1.0
180.0,30.0,low,log_survival,right_step,0.1083775873668537
180.0,30.0,high,log_survival,linear_survival,1.0
180.0,30.0,high,log_survival,right_step,0.10752697718284523
180.0,60.0,low,log_survival,linear_survival,1.0
180.0,60.0,low,log_survival,right_step,0.1083775873668537
180.0,60.0,high,log_survival,linear_survival,1.0
180.0,60.0,high,log_survival,right_step,0.10752697718284523
180.0,120.0,low,log_survival,linear_survival,1.0
180.0,120.0,low,log_survival,right_step,0.1083775873668537
180.0,120.0,high,log_survival,linear_survival,1.0
180.0,120.0,high,log_survival,right_step,0.10752697718284523
180.0,180.0,low,log_survival,linear_survival,1.0
180.0,180.0,low,log_survival,right_step,0.1083775873668537
180.0,180.0,high,log_survival,linear_survival,1.0
180.0,180.0,high,log_survival,right_step,0.10752697718284523
180.0,300.0,low,log_survival,linear_survival,1.0
180.0,300.0,low,log_survival,right_step,0.1083775873668537
180.0,300.0,high,log_survival,linear_survival,1.0
180.0,300.0,high,log_survival,right_step,0.10752697718284523
180.0,600.0,low,log_survival,linear_survival,1.0
180.0,600.0,low,log_survival,right_step,0.9962266100248197
180.0,600.0,high,log_survival,linear_survival,1.0
180.0,600.0,high,log_survival,right_step,0.9914104643752233
180.0,900.0,low,log_survival,linear_survival,1.0
180.0,900.0,low,log_survival,right_step,0.975971609442608
180.0,900.0,high,log_survival,linear_survival,1.0
180.0,900.0,high,log_survival,right_step,0.9786837427702473
180.0,1200.0,low,log_survival,linear_survival,1.0
180.0,1200.0,low,log_survival,right_step,0.9729174646602827
180.0,1200.0,high,log_survival,linear_survival,1.0
180.0,1200.0,high,log_survival,right_step,0.9673113520476105
180.0,1800.0,low,log_survival,linear_survival,1.0
180.0,1800.0,low,log_survival,right_step,0.9154784627866203
180.0,1800.0,high,log_survival,linear_survival,0.9969354023161026
180.0,1800.0,high,log_survival,right_step,0.8626456292838898
180.0,2400.0,low,log_survival,linear_survival,1.0
180.0,2400.0,low,log_survival,right_step,0.8529144625439874
180.0,2400.0,high,log_survival,linear_survival,0.9982148005233629
180.0,2400.0,high,log_survival,right_step,0.7248123851337553
180.0,3600.0,low,log_survival,linear_survival,1.0
180.0,3600.0,low,log_survival,right_step,0.81937237404639
180.0,3600.0,high,log_survival,linear_survival,0.9999630573719014
180.0,3600.0,high,log_survival,right_step,0.6193208179718329
300.0,1.0,low,log_survival,linear_survival,1.0
300.0,1.0,low,log_survival,right_step,0.1083775873668537
300.0,1.0,high,log_survival,linear_survival,1.0
300.0,1.0,high,log_survival,right_step,0.10752697718284523
300.0,2.0,low,log_survival,linear_survival,1.0
300.0,2.0,low,log_survival,right_step,0.1083775873668537
300.0,2.0,high,log_survival,linear_survival,1.0
300.0,2.0,high,log_survival,right_step,0.10752697718284523
300.0,3.0,low,log_survival,linear_survival,1.0
300.0,3.0,low,log_survival,right_step,0.1083775873668537
300.0,3.0,high,log_survival,linear_survival,1.0
300.0,3.0,high,log_survival,right_step,0.10752697718284523
300.0,5.0,low,log_survival,linear_survival,1.0
300.0,5.0,low,log_survival,right_step,0.1083775873668537
300.0,5.0,high,log_survival,linear_survival,1.0
300.0,5.0,high,log_survival,right_step,0.10752697718284523
300.0,10.0,low,log_survival,linear_survival,1.0
300.0,10.0,low,log_survival,right_step,0.1083775873668537
300.0,10.0,high,log_survival,linear_survival,1.0
300.0,10.0,high,log_survival,right_step,0.10752697718284523
300.0,20.0,low,log_survival,linear_survival,1.0
300.0,20.0,low,log_survival,right_step,0.1083775873668537
300.0,20.0,high,log_survival,linear_survival,1.0
300.0,20.0,high,log_survival,right_step,0.10752697718284523
300.0,30.0,low,log_survival,linear_survival,1.0
300.0,30.0,low,log_survival,right_step,0.1083775873668537
300.0,30.0,high,log_survival,linear_survival,1.0
300.0,30.0,high,log_survival,right_step,0.10752697718284523
300.0,60.0,low,log_survival,linear_survival,1.0
300.0,60.0,low,log_survival,right_step,0.1083775873668537
300.0,60.0,high,log_survival,linear_survival,1.0
300.0,60.0,high,log_survival,right_step,0.10752697718284523
300.0,120.0,low,log_survival,linear_survival,1.0
300.0,120.0,low,log_survival,right_step,0.1083775873668537
300.0,120.0,high,log_survival,linear_survival,1.0
300.0,120.0,high,log_survival,right_step,0.10752697718284523
300.0,180.0,low,log_survival,linear_survival,1.0
300.0,180.0,low,log_survival,right_step,0.1083775873668537
300.0,180.0,high,log_survival,linear_survival,1.0
300.0,180.0,high,log_survival,right_step,0.10752697718284523
300.0,300.0,low,log_survival,linear_survival,1.0
300.0,300.0,low,log_survival,right_step,1.0
300.0,300.0,high,log_survival,linear_survival,1.0
300.0,300.0,high,log_survival,right_step,1.0
300.0,600.0,low,log_survival,linear_survival,1.0
300.0,600.0,low,log_survival,right_step,0.9765369404287032
300.0,600.0,high,log_survival,linear_survival,1.0
300.0,600.0,high,log_survival,right_step,0.9794896642797949
300.0,900.0,low,log_survival,linear_survival,1.0
300.0,900.0,low,log_survival,right_step,0.9728512179137216
300.0,900.0,high,log_survival,linear_survival,1.0
300.0,900.0,high,log_survival,right_step,0.9668186374443729
300.0,1200.0,low,log_survival,linear_survival,1.0
300.0,1200.0,low,log_survival,right_step,0.9722589472763241
300.0,1200.0,high,log_survival,linear_survival,1.0
300.0,1200.0,high,log_survival,right_step,0.9621756416988716
300.0,1800.0,low,log_survival,linear_survival,1.0
300.0,1800.0,low,log_survival,right_step,0.8932375624617998
300.0,1800.0,high,log_survival,linear_survival,0.9978128024945874
300.0,1800.0,high,log_survival,right_step,0.8147100424328148
300.0,2400.0,low,log_survival,linear_survival,1.0
300.0,2400.0,low,log_survival,right_step,0.8437465204162093
300.0,2400.0,high,log_survival,linear_survival,0.9936297204373457
300.0,2400.0,high,log_survival,right_step,0.6903951730581152
300.0,3600.0,low,log_survival,linear_survival,1.0
300.0,3600.0,low,log_survival,right_step,0.81087869191365
300.0,3600.0,high,log_survival,linear_survival,0.9970073775345272
300.0,3600.0,high,log_survival,right_step,0.5963359445648762
600.0,1.0,low,log_survival,linear_survival,1.0
600.0,1.0,low,log_survival,right_step,0.11289003844100447
600.0,1.0,high,log_survival,linear_survival,1.0
600.0,1.0,high,log_survival,right_step,0.1106383823775128
600.0,2.0,low,log_survival,linear_survival,1.0
600.0,2.0,low,log_survival,right_step,0.11289003844100447
600.0,2.0,high,log_survival,linear_survival,1.0
600.0,2.0,high,log_survival,right_step,0.1106383823775128
600.0,3.0,low,log_survival,linear_survival,1.0
600.0,3.0,low,log_survival,right_step,0.11289003844100447
600.0,3.0,high,log_survival,linear_survival,1.0
600.0,3.0,high,log_survival,right_step,0.1106383823775128
600.0,5.0,low,log_survival,linear_survival,1.0
600.0,5.0,low,log_survival,right_step,0.11289003844100447
600.0,5.0,high,log_survival,linear_survival,1.0
600.0,5.0,high,log_survival,right_step,0.1106383823775128
600.0,10.0,low,log_survival,linear_survival,1.0
600.0,10.0,low,log_survival,right_step,0.11289003844100447
600.0,10.0,high,log_survival,linear_survival,1.0
600.0,10.0,high,log_survival,right_step,0.1106383823775128
600.0,20.0,low,log_survival,linear_survival,1.0
600.0,20.0,low,log_survival,right_step,0.11289003844100447
600.0,20.0,high,log_survival,linear_survival,1.0
600.0,20.0,high,log_survival,right_step,0.1106383823775128
600.0,30.0,low,log_survival,linear_survival,1.0
600.0,30.0,low,log_survival,right_step,0.11289003844100447
600.0,30.0,high,log_survival,linear_survival,1.0
600.0,30.0,high,log_survival,right_step,0.1106383823775128
600.0,60.0,low,log_survival,linear_survival,1.0
600.0,60.0,low,log_survival,right_step,0.11289003844100447
600.0,60.0,high,log_survival,linear_survival,1.0
600.0,60.0,high,log_survival,right_step,0.1106383823775128
600.0,120.0,low,log_survival,linear_survival,1.0
600.0,120.0,low,log_survival,right_step,0.11289003844100447
600.0,120.0,high,log_survival,linear_survival,1.0
600.0,120.0,high,log_survival,right_step,0.1106383823775128
600.0,180.0,low,log_survival,linear_survival,1.0
600.0,180.0,low,log_survival,right_step,0.11289003844100447
600.0,180.0,high,log_survival,linear_survival,1.0
600.0,180.0,high,log_survival,right_step,0.1106383823775128
600.0,300.0,low,log_survival,linear_survival,1.0
600.0,300.0,low,log_survival,right_step,0.11289003844100447
600.0,300.0,high,log_survival,linear_survival,1.0
600.0,300.0,high,log_survival,right_step,0.1106383823775128
600.0,600.0,low,log_survival,linear_survival,1.0
600.0,600.0,low,log_survival,right_step,0.11289003844100447
600.0,600.0,high,log_survival,linear_survival,1.0
600.0,600.0,high,log_survival,right_step,0.1106383823775128
600.0,900.0,low,log_survival,linear_survival,1.0
600.0,900.0,low,log_survival,right_step,0.11289003844100447
600.0,900.0,high,log_survival,linear_survival,1.0
600.0,900.0,high,log_survival,right_step,0.1106383823775128
600.0,1200.0,low,log_survival,linear_survival,1.0
600.0,1200.0,low,log_survival,right_step,1.0
600.0,1200.0,high,log_survival,linear_survival,1.0
600.0,1200.0,high,log_survival,right_step,1.0
600.0,1800.0,low,log_survival,linear_survival,1.0
600.0,1800.0,low,log_survival,right_step,0.8034703336355072
600.0,1800.0,high,log_survival,linear_survival,0.9995401584665703
600.0,1800.0,high,log_survival,right_step,0.6750400198291798
600.0,2400.0,low,log_survival,linear_survival,1.0
600.0,2400.0,low,log_survival,right_step,0.778085291824034
600.0,2400.0,high,log_survival,linear_survival,0.9992468969937508
600.0,2400.0,high,log_survival,right_step,0.5978485216591151
600.0,3600.0,low,log_survival,linear_survival,1.0
600.0,3600.0,low,log_survival,right_step,0.7542743208261276
600.0,3600.0,high,log_survival,linear_survival,0.9999161478313733
600.0,3600.0,high,log_survival,right_step,0.5436244612971508
900.0,1.0,low,log_survival,linear_survival,1.0
900.0,1.0,low,log_survival,right_step,0.11289003844100447
900.0,1.0,high,log_survival,linear_survival,1.0
900.0,1.0,high,log_survival,right_step,0.1106383823775128
900.0,2.0,low,log_survival,linear_survival,1.0
900.0,2.0,low,log_survival,right_step,0.11289003844100447
900.0,2.0,high,log_survival,linear_survival,1.0
900.0,2.0,high,log_survival,right_step,0.1106383823775128
900.0,3.0,low,log_survival,linear_survival,1.0
900.0,3.0,low,log_survival,right_step,0.11289003844100447
900.0,3.0,high,log_survival,linear_survival,1.0
900.0,3.0,high,log_survival,right_step,0.1106383823775128
900.0,5.0,low,log_survival,linear_survival,1.0
900.0,5.0,low,log_survival,right_step,0.11289003844100447
900.0,5.0,high,log_survival,linear_survival,1.0
900.0,5.0,high,log_survival,right_step,0.1106383823775128
900.0,10.0,low,log_survival,linear_survival,1.0
900.0,10.0,low,log_survival,right_step,0.11289003844100447
900.0,10.0,high,log_survival,linear_survival,1.0
900.0,10.0,high,log_survival,right_step,0.1106383823775128
900.0,20.0,low,log_survival,linear_survival,1.0
900.0,20.0,low,log_survival,right_step,0.11289003844100447
900.0,20.0,high,log_survival,linear_survival,1.0
900.0,20.0,high,log_survival,right_step,0.1106383823775128
900.0,30.0,low,log_survival,linear_survival,1.0
900.0,30.0,low,log_survival,right_step,0.11289003844100447
900.0,30.0,high,log_survival,linear_survival,1.0
900.0,30.0,high,log_survival,right_step,0.1106383823775128
900.0,60.0,low,log_survival,linear_survival,1.0
900.0,60.0,low,log_survival,right_step,0.11289003844100447
900.0,60.0,high,log_survival,linear_survival,1.0
900.0,60.0,high,log_survival,right_step,0.1106383823775128
900.0,120.0,low,log_survival,linear_survival,1.0
900.0,120.0,low,log_survival,right_step,0.11289003844100447
900.0,120.0,high,log_survival,linear_survival,1.0
900.0,120.0,high,log_survival,right_step,0.1106383823775128
900.0,180.0,low,log_survival,linear_survival,1.0
900.0,180.0,low,log_survival,right_step,0.11289003844100447
900.0,180.0,high,log_survival,linear_survival,1.0
900.0,180.0,high,log_survival,right_step,0.1106383823775128
900.0,300.0,low,log_survival,linear_survival,1.0
900.0,300.0,low,log_survival,right_step,0.11289003844100447
900.0,300.0,high,log_survival,linear_survival,1.0
900.0,300.0,high,log_survival,right_step,0.1106383823775128
900.0,600.0,low,log_survival,linear_survival,1.0
900.0,600.0,low,log_survival,right_step,0.11289003844100447
900.0,600.0,high,log_survival,linear_survival,1.0
900.0,600.0,high,log_survival,right_step,0.1106383823775128
900.0,900.0,low,log_survival,linear_survival,1.0
900.0,900.0,low,log_survival,right_step,1.0
900.0,900.0,high,log_survival,linear_survival,1.0
900.0,900.0,high,log_survival,right_step,1.0
900.0,1200.0,low,log_survival,linear_survival,1.0
900.0,1200.0,low,log_survival,right_step,0.8201103382428584
900.0,1200.0,high,log_survival,linear_survival,0.9975180119484899
900.0,1200.0,high,log_survival,right_step,0.7287387981823396
900.0,1800.0,low,log_survival,linear_survival,1.0
900.0,1800.0,low,log_survival,right_step,0.778085291824034
900.0,1800.0,high,log_survival,linear_survival,0.9992468969937508
900.0,1800.0,high,log_survival,right_step,0.5978485216591151
900.0,2400.0,low,log_survival,linear_survival,1.0
900.0,2400.0,low,log_survival,right_step,0.7614251299166863
900.0,2400.0,high,log_survival,linear_survival,0.9986402115554921
900.0,2400.0,high,log_survival,right_step,0.5557753122820883
900.0,3600.0,low,log_survival,linear_survival,1.0
900.0,3600.0,low,log_survival,right_step,0.7498868266183794
900.0,3600.0,high,log_survival,linear_survival,0.9998976863556743
900.0,3600.0,high,log_survival,right_step,0.5146804932683087
1200.0,1.0,low,log_survival,linear_survival,1.0
1200.0,1.0,low,log_survival,right_step,0.11289003844100447
1200.0,1.0,high,log_survival,linear_survival,1.0
1200.0,1.0,high,log_survival,right_step,0.1106383823775128
1200.0,2.0,low,log_survival,linear_survival,1.0
1200.0,2.0,low,log_survival,right_step,0.11289003844100447
1200.0,2.0,high,log_survival,linear_survival,1.0
1200.0,2.0,high,log_survival,right_step,0.1106383823775128
1200.0,3.0,low,log_survival,linear_survival,1.0
1200.0,3.0,low,log_survival,right_step,0.11289003844100447
1200.0,3.0,high,log_survival,linear_survival,1.0
1200.0,3.0,high,log_survival,right_step,0.1106383823775128
1200.0,5.0,low,log_survival,linear_survival,1.0
1200.0,5.0,low,log_survival,right_step,0.11289003844100447
1200.0,5.0,high,log_survival,linear_survival,1.0
1200.0,5.0,high,log_survival,right_step,0.1106383823775128
1200.0,10.0,low,log_survival,linear_survival,1.0
1200.0,10.0,low,log_survival,right_step,0.11289003844100447
1200.0,10.0,high,log_survival,linear_survival,1.0
1200.0,10.0,high,log_survival,right_step,0.1106383823775128
1200.0,20.0,low,log_survival,linear_survival,1.0
1200.0,20.0,low,log_survival,right_step,0.11289003844100447
1200.0,20.0,high,log_survival,linear_survival,1.0
1200.0,20.0,high,log_survival,right_step,0.1106383823775128
1200.0,30.0,low,log_survival,linear_survival,1.0
1200.0,30.0,low,log_survival,right_step,0.11289003844100447
1200.0,30.0,high,log_survival,linear_survival,1.0
1200.0,30.0,high,log_survival,right_step,0.1106383823775128
1200.0,60.0,low,log_survival,linear_survival,1.0
1200.0,60.0,low,log_survival,right_step,0.11289003844100447
1200.0,60.0,high,log_survival,linear_survival,1.0
1200.0,60.0,high,log_survival,right_step,0.1106383823775128
1200.0,120.0,low,log_survival,linear_survival,1.0
1200.0,120.0,low,log_survival,right_step,0.11289003844100447
1200.0,120.0,high,log_survival,linear_survival,1.0
1200.0,120.0,high,log_survival,right_step,0.1106383823775128
1200.0,180.0,low,log_survival,linear_survival,1.0
1200.0,180.0,low,log_survival,right_step,0.11289003844100447
1200.0,180.0,high,log_survival,linear_survival,1.0
1200.0,180.0,high,log_survival,right_step,0.1106383823775128
1200.0,300.0,low,log_survival,linear_survival,1.0
1200.0,300.0,low,log_survival,right_step,0.11289003844100447
1200.0,300.0,high,log_survival,linear_survival,1.0
1200.0,300.0,high,log_survival,right_step,0.1106383823775128
1200.0,600.0,low,log_survival,linear_survival,1.0
1200.0,600.0,low,log_survival,right_step,1.0
1200.0,600.0,high,log_survival,linear_survival,1.0
1200.0,600.0,high,log_survival,right_step,1.0
1200.0,900.0,low,log_survival,linear_survival,1.0
1200.0,900.0,low,log_survival,right_step,0.8034703336355072
1200.0,900.0,high,log_survival,linear_survival,0.9995401584665703
1200.0,900.0,high,log_survival,right_step,0.6750400198291798
1200.0,1200.0,low,log_survival,linear_survival,1.0
1200.0,1200.0,low,log_survival,right_step,0.778085291824034
1200.0,1200.0,high,log_survival,linear_survival,0.9992468969937508
1200.0,1200.0,high,log_survival,right_step,0.5978485216591151
1200.0,1800.0,low,log_survival,linear_survival,1.0
1200.0,1800.0,low,log_survival,right_step,0.7542743208261276
1200.0,1800.0,high,log_survival,linear_survival,0.9998729886269331
1200.0,1800.0,high,log_survival,right_step,0.5436244612971508
1200.0,2400.0,low,log_survival,linear_survival,1.0
1200.0,2400.0,low,log_survival,right_step,0.7498868266183794
1200.0,2400.0,high,log_survival,linear_survival,0.9998976863556743
1200.0,2400.0,high,log_survival,right_step,0.5146804932683087
1200.0,3600.0,low,log_survival,linear_survival,1.0
1200.0,3600.0,low,log_survival,right_step,0.7470417844915397
1200.0,3600.0,high,log_survival,linear_survival,1.0
1200.0,3600.0,high,log_survival,right_step,0.48106750679177224
1800.0,1.0,low,log_survival,linear_survival,1.0
1800.0,1.0,low,log_survival,right_step,0.10570190676667143
1800.0,1.0,high,log_survival,linear_survival,0.9993530028677378
1800.0,1.0,high,log_survival,right_step,0.10987406948145532
1800.0,2.0,low,log_survival,linear_survival,1.0
1800.0,2.0,low,log_survival,right_step,0.10570190676667143
1800.0,2.0,high,log_survival,linear_survival,0.9993530028677378
1800.0,2.0,high,log_survival,right_step,0.10987406948145532
1800.0,3.0,low,log_survival,linear_survival,1.0
1800.0,3.0,low,log_survival,right_step,0.10570190676667143
1800.0,3.0,high,log_survival,linear_survival,0.9993530028677378
1800.0,3.0,high,log_survival,right_step,0.10987406948145532
1800.0,5.0,low,log_survival,linear_survival,1.0
1800.0,5.0,low,log_survival,right_step,0.10570190676667143
1800.0,5.0,high,log_survival,linear_survival,0.9993530028677378
1800.0,5.0,high,log_survival,right_step,0.10987406948145532
1800.0,10.0,low,log_survival,linear_survival,1.0
1800.0,10.0,low,log_survival,right_step,0.10570190676667143
1800.0,10.0,high,log_survival,linear_survival,0.9993530028677378
1800.0,10.0,high,log_survival,right_step,0.10987406948145532
1800.0,20.0,low,log_survival,linear_survival,1.0
1800.0,20.0,low,log_survival,right_step,0.10570190676667143
1800.0,20.0,high,log_survival,linear_survival,0.9993530028677378
1800.0,20.0,high,log_survival,right_step,0.10987406948145532
1800.0,30.0,low,log_survival,linear_survival,1.0
1800.0,30.0,low,log_survival,right_step,0.10570190676667143
1800.0,30.0,high,log_survival,linear_survival,0.9993530028677378
1800.0,30.0,high,log_survival,right_step,0.10987406948145532
1800.0,60.0,low,log_survival,linear_survival,1.0
1800.0,60.0,low,log_survival,right_step,0.10570190676667143
1800.0,60.0,high,log_survival,linear_survival,0.9993530028677378
1800.0,60.0,high,log_survival,right_step,0.10987406948145532
1800.0,120.0,low,log_survival,linear_survival,1.0
1800.0,120.0,low,log_survival,right_step,0.10570190676667143
1800.0,120.0,high,log_survival,linear_survival,0.9993530028677378
1800.0,120.0,high,log_survival,right_step,0.10987406948145532
1800.0,180.0,low,log_survival,linear_survival,1.0
1800.0,180.0,low,log_survival,right_step,0.10570190676667143
1800.0,180.0,high,log_survival,linear_survival,0.9993530028677378
1800.0,180.0,high,log_survival,right_step,0.10987406948145532
1800.0,300.0,low,log_survival,linear_survival,1.0
1800.0,300.0,low,log_survival,right_step,0.10570190676667143
1800.0,300.0,high,log_survival,linear_survival,0.9993530028677378
1800.0,300.0,high,log_survival,right_step,0.10987406948145532
1800.0,600.0,low,log_survival,linear_survival,1.0
1800.0,600.0,low,log_survival,right_step,0.10570190676667143
1800.0,600.0,high,log_survival,linear_survival,0.9993530028677378
1800.0,600.0,high,log_survival,right_step,0.10987406948145532
1800.0,900.0,low,log_survival,linear_survival,1.0
1800.0,900.0,low,log_survival,right_step,0.10570190676667143
1800.0,900.0,high,log_survival,linear_survival,0.9994405015275294
1800.0,900.0,high,log_survival,right_step,0.10992265695464667
1800.0,1200.0,low,log_survival,linear_survival,1.0
1800.0,1200.0,low,log_survival,right_step,0.10570190676667143
1800.0,1200.0,high,log_survival,linear_survival,0.9994405015275294
1800.0,1200.0,high,log_survival,right_step,0.10992265695464667
1800.0,1800.0,low,log_survival,linear_survival,1.0
1800.0,1800.0,low,log_survival,right_step,0.10570190676667143
1800.0,1800.0,high,log_survival,linear_survival,0.9994405015275294
1800.0,1800.0,high,log_survival,right_step,0.10992265695464667
1800.0,2400.0,low,log_survival,linear_survival,1.0
1800.0,2400.0,low,log_survival,right_step,0.10570190676667143
1800.0,2400.0,high,log_survival,linear_survival,0.9994405015275294
1800.0,2400.0,high,log_survival,right_step,0.10992265695464667
1800.0,3600.0,low,log_survival,linear_survival,1.0
1800.0,3600.0,low,log_survival,right_step,0.10570190676667143
1800.0,3600.0,high,log_survival,linear_survival,1.0
1800.0,3600.0,high,log_survival,right_step,0.10988851612055803
2400.0,1.0,low,log_survival,linear_survival,1.0
2400.0,1.0,low,log_survival,right_step,0.10570190676667143
2400.0,1.0,high,log_survival,linear_survival,0.9994405015275294
2400.0,1.0,high,log_survival,right_step,0.10992265695464667
2400.0,2.0,low,log_survival,linear_survival,1.0
2400.0,2.0,low,log_survival,right_step,0.10570190676667143
2400.0,2.0,high,log_survival,linear_survival,0.9994405015275294
2400.0,2.0,high,log_survival,right_step,0.10992265695464667
2400.0,3.0,low,log_survival,linear_survival,1.0
2400.0,3.0,low,log_survival,right_step,0.10570190676667143
2400.0,3.0,high,log_survival,linear_survival,0.9994405015275294
2400.0,3.0,high,log_survival,right_step,0.10992265695464667
2400.0,5.0,low,log_survival,linear_survival,1.0
2400.0,5.0,low,log_survival,right_step,0.10570190676667143
2400.0,5.0,high,log_survival,linear_survival,0.9994405015275294
2400.0,5.0,high,log_survival,right_step,0.10992265695464667
2400.0,10.0,low,log_survival,linear_survival,1.0
2400.0,10.0,low,log_survival,right_step,0.10570190676667143
2400.0,10.0,high,log_survival,linear_survival,0.9994405015275294
2400.0,10.0,high,log_survival,right_step,0.10992265695464667
2400.0,20.0,low,log_survival,linear_survival,1.0
2400.0,20.0,low,log_survival,right_step,0.10570190676667143
2400.0,20.0,high,log_survival,linear_survival,0.9994405015275294
2400.0,20.0,high,log_survival,right_step,0.10992265695464667
2400.0,30.0,low,log_survival,linear_survival,1.0
2400.0,30.0,low,log_survival,right_step,0.10570190676667143
2400.0,30.0,high,log_survival,linear_survival,0.9994405015275294
2400.0,30.0,high,log_survival,right_step,0.10992265695464667
2400.0,60.0,low,log_survival,linear_survival,1.0
2400.0,60.0,low,log_survival,right_step,0.10570190676667143
2400.0,60.0,high,log_survival,linear_survival,0.9994405015275294
2400.0,60.0,high,log_survival,right_step,0.10992265695464667
2400.0,120.0,low,log_survival,linear_survival,1.0
2400.0,120.0,low,log_survival,right_step,0.10570190676667143
2400.0,120.0,high,log_survival,linear_survival,0.9994405015275294
2400.0,120.0,high,log_survival,right_step,0.10992265695464667
2400.0,180.0,low,log_survival,linear_survival,1.0
2400.0,180.0,low,log_survival,right_step,0.10570190676667143
2400.0,180.0,high,log_survival,linear_survival,0.9994405015275294
2400.0,180.0,high,log_survival,right_step,0.10992265695464667
2400.0,300.0,low,log_survival,linear_survival,1.0
2400.0,300.0,low,log_survival,right_step,0.10570190676667143
2400.0,300.0,high,log_survival,linear_survival,0.9994405015275294
2400.0,300.0,high,log_survival,right_step,0.10992265695464667
2400.0,600.0,low,log_survival,linear_survival,1.0
2400.0,600.0,low,log_survival,right_step,0.10570190676667143
2400.0,600.0,high,log_survival,linear_survival,0.9994405015275294
2400.0,600.0,high,log_survival,right_step,0.10992265695464667
2400.0,900.0,low,log_survival,linear_survival,1.0
2400.0,900.0,low,log_survival,right_step,0.10570190676667143
2400.0,900.0,high,log_survival,linear_survival,0.9994405015275294
2400.0,900.0,high,log_survival,right_step,0.10992265695464667
2400.0,1200.0,low,log_survival,linear_survival,1.0
2400.0,1200.0,low,log_survival,right_step,0.10570190676667143
2400.0,1200.0,high,log_survival,linear_survival,0.9994405015275294
2400.0,1200.0,high,log_survival,right_step,0.10992265695464667
2400.0,1800.0,low,log_survival,linear_survival,1.0
2400.0,1800.0,low,log_survival,right_step,0.10570190676667143
2400.0,1800.0,high,log_survival,linear_survival,0.9994405015275294
2400.0,1800.0,high,log_survival,right_step,0.10992265695464667
2400.0,2400.0,low,log_survival,linear_survival,1.0
2400.0,2400.0,low,log_survival,right_step,0.10570190676667143
2400.0,2400.0,high,log_survival,linear_survival,1.0
2400.0,2400.0,high,log_survival,right_step,0.10988851612055803
2400.0,3600.0,low,log_survival,linear_survival,1.0
2400.0,3600.0,low,log_survival,right_step,0.10570190676667143
2400.0,3600.0,high,log_survival,linear_survival,1.0
2400.0,3600.0,high,log_survival,right_step,0.10988851612055803
3600.0,1.0,low,log_survival,linear_survival,1.0
3600.0,1.0,low,log_survival,right_step,0.1102014141652522
3600.0,1.0,high,log_survival,linear_survival,1.0
3600.0,1.0,high,log_survival,right_step,0.11847596816379334
3600.0,2.0,low,log_survival,linear_survival,1.0
3600.0,2.0,low,log_survival,right_step,0.1102014141652522
3600.0,2.0,high,log_survival,linear_survival,1.0
3600.0,2.0,high,log_survival,right_step,0.11847596816379334
3600.0,3.0,low,log_survival,linear_survival,1.0
3600.0,3.0,low,log_survival,right_step,0.1102014141652522
3600.0,3.0,high,log_survival,linear_survival,1.0
3600.0,3.0,high,log_survival,right_step,0.11847596816379334
3600.0,5.0,low,log_survival,linear_survival,1.0
3600.0,5.0,low,log_survival,right_step,0.1102014141652522
3600.0,5.0,high,log_survival,linear_survival,1.0
3600.0,5.0,high,log_survival,right_step,0.11847596816379334
3600.0,10.0,low,log_survival,linear_survival,1.0
3600.0,10.0,low,log_survival,right_step,0.1102014141652522
3600.0,10.0,high,log_survival,linear_survival,1.0
3600.0,10.0,high,log_survival,right_step,0.11847596816379334
3600.0,20.0,low,log_survival,linear_survival,1.0
3600.0,20.0,low,log_survival,right_step,0.1102014141652522
3600.0,20.0,high,log_survival,linear_survival,1.0
3600.0,20.0,high,log_survival,right_step,0.11847596816379334
3600.0,30.0,low,log_survival,linear_survival,1.0
3600.0,30.0,low,log_survival,right_step,0.1102014141652522
3600.0,30.0,high,log_survival,linear_survival,1.0
3600.0,30.0,high,log_survival,right_step,0.11847596816379334
3600.0,60.0,low,log_survival,linear_survival,1.0
3600.0,60.0,low,log_survival,right_step,0.1102014141652522
3600.0,60.0,high,log_survival,linear_survival,1.0
3600.0,60.0,high,log_survival,right_step,0.11847596816379334
3600.0,120.0,low,log_survival,linear_survival,1.0
3600.0,120.0,low,log_survival,right_step,0.1102014141652522
3600.0,120.0,high,log_survival,linear_survival,1.0
3600.0,120.0,high,log_survival,right_step,0.11847596816379334
3600.0,180.0,low,log_survival,linear_survival,1.0
3600.0,180.0,low,log_survival,right_step,0.1102014141652522
3600.0,180.0,high,log_survival,linear_survival,1.0
3600.0,180.0,high,log_survival,right_step,0.11847596816379334
3600.0,300.0,low,log_survival,linear_survival,1.0
3600.0,300.0,low,log_survival,right_step,0.1102014141652522
3600.0,300.0,high,log_survival,linear_survival,1.0
3600.0,300.0,high,log_survival,right_step,0.11847596816379334
3600.0,600.0,low,log_survival,linear_survival,1.0
3600.0,600.0,low,log_survival,right_step,0.1102014141652522
3600.0,600.0,high,log_survival,linear_survival,1.0
3600.0,600.0,high,log_survival,right_step,0.11847596816379334
3600.0,900.0,low,log_survival,linear_survival,1.0
3600.0,900.0,low,log_survival,right_step,0.1102014141652522
3600.0,900.0,high,log_survival,linear_survival,1.0
3600.0,900.0,high,log_survival,right_step,0.11847596816379334
3600.0,1200.0,low,log_survival,linear_survival,1.0
3600.0,1200.0,low,log_survival,right_step,0.1102014141652522
3600.0,1200.0,high,log_survival,linear_survival,1.0
3600.0,1200.0,high,log_survival,right_step,0.11847596816379334
3600.0,1800.0,low,log_survival,linear_survival,1.0
3600.0,1800.0,low,log_survival,right_step,0.1102014141652522
3600.0,1800.0,high,log_survival,linear_survival,1.0
3600.0,1800.0,high,log_survival,right_step,0.11847596816379334
3600.0,2400.0,low,log_survival,linear_survival,1.0
3600.0,2400.0,low,log_survival,right_step,0.1102014141652522
3600.0,2400.0,high,log_survival,linear_survival,1.0
3600.0,2400.0,high,log_survival,right_step,0.11847596816379334
3600.0,3600.0,low,log_survival,linear_survival,1.0
3600.0,3600.0,low,log_survival,right_step,1.0
3600.0,3600.0,high,log_survival,linear_survival,1.0
3600.0,3600.0,high,log_survival,right_step,1.0
