method,horizon_s,n_ages,mean_token_weighted_auroc,mean_token_weighted_average_precision,mean_population_km_risk,mean_top20pct_token_km_risk,mean_bottom20pct_token_victim_km_risk,mean_victim_to_population_risk_ratio
log_survival,1,22,0.6985093013634788,0.08054071416773868,0.014516031816709967,0.026809377271749965,0.002922901211904729,0.07074089416402725
log_survival,2,22,0.6485693278120014,0.12725111588326554,0.03161367812074407,0.05925290789821316,0.005016319763322755,0.2846387834804602
log_survival,3,22,0.7093853628994399,0.1770274594343406,0.04692572087427826,0.08518332051172034,0.007632824403578062,0.07150140507561763
log_survival,5,22,0.6969087563521191,0.24319202668426518,0.071848764400858,0.11924912522142747,0.01509400317408585,0.09646501156396296
log_survival,10,22,0.6973851311292015,0.31773360677385615,0.1046040411206143,0.1631202232272989,0.03441333371797379,0.13082376329780104
log_survival,20,22,0.7004338155684138,0.37495119606673766,0.12952008923380512,0.1940751681085633,0.0510514389520793,0.14861915952581875
log_survival,30,22,0.7039978424255113,0.3941177044749754,0.13704132407403236,0.20372103333208544,0.05353657627347279,0.144820366117363
log_survival,60,22,0.7042096416442973,0.39800018582925795,0.1391555669794033,0.2073483944603517,0.05692256316419095,0.15072541810125023
log_survival,120,22,0.7041687769586221,0.3979758223134206,0.1391555669794033,0.20724255322548785,0.056926457255164854,0.15074051771927943
log_survival,180,22,0.7041085394917306,0.39795533861882093,0.1391555669794033,0.20725021457077827,0.05691424559706502,0.1506950016818132
log_survival,300,22,0.7041109645927217,0.3979229382556222,0.1391555669794033,0.2073069601068467,0.05691430234267578,0.1506977602136373
log_survival,600,22,0.703994394144768,0.39784326879929915,0.1391555669794033,0.20704770598792327,0.05691944632749672,0.15072787419363093
log_survival,900,22,0.7039087254426061,0.3978380932191053,0.1391555669794033,0.2071357916087262,0.056921301216669204,0.15073354664331698
log_survival,1200,22,0.7127730074778813,0.3726378712684957,0.13936869656463535,0.20758318269558826,0.05701884179592773,0.17445204736712447
log_survival,1800,22,0.7200326289014944,0.3512641327740612,0.1395818261498674,0.20812256373454757,0.05713428932762521,0.19831261288328772
log_survival,2400,22,0.7253286622269342,0.332702497975872,0.13979495573509945,0.20836809728920522,0.05719318642996935,0.22208373296992726
log_survival,3600,22,0.756390778248617,0.2582762515572022,0.14297880856726922,0.2148336729310114,0.059797241476084964,0.4092351202126242
linear_survival,1,22,0.6984709407369607,0.08046533033977625,0.014516031816709967,0.02680829948463404,0.0029230482724089527,0.07074784473526158
linear_survival,2,22,0.648517219027471,0.12687981817922098,0.03161367812074407,0.059292715386366865,0.00501700745709112,0.28465108131312
linear_survival,3,22,0.7092292013055533,0.17663729527194572,0.04692572087427826,0.08495519573539546,0.007617408196152581,0.07141019413890977
linear_survival,5,22,0.6967229687281434,0.2428374040925438,0.071848764400858,0.11874512144008433,0.01503275553305352,0.09613015462374598
linear_survival,10,22,0.6974443330500991,0.3174663280375082,0.1046040411206143,0.1629278039945318,0.03428721368421769,0.13050268520614436
linear_survival,20,22,0.7002626829644331,0.3748017946462433,0.12952008923380512,0.19371688244447718,0.051009663037304455,0.14845757508301977
linear_survival,30,22,0.7038803919379686,0.3939394896132914,0.13704132407403236,0.20346358147553675,0.05367039963377465,0.1454234951609048
linear_survival,60,22,0.7041766432755061,0.39799127408236906,0.1391555669794033,0.20690525050170078,0.05681314912490514,0.15034250101879626
linear_survival,120,22,0.7041262475495954,0.3978791419339418,0.1391555669794033,0.20681747373844797,0.05681423988561619,0.15035728104626642
linear_survival,180,22,0.704063397314573,0.39785213083936416,0.1391555669794033,0.20692331213710854,0.05680187887479098,0.1503145860533289
linear_survival,300,22,0.7040530474187926,0.3978200143075258,0.1391555669794033,0.2069868084973977,0.056807374170051356,0.15033977095830123
linear_survival,600,22,0.7039486406449696,0.39774959717839276,0.1391555669794033,0.20691922644182625,0.05680865442048347,0.15034874486938096
linear_survival,900,22,0.7038704066577842,0.39772958719968426,0.1391555669794033,0.20700786101882088,0.05680949067277583,0.150355214681313
linear_survival,1200,22,0.7126346081819949,0.3725436672279335,0.13936869656463535,0.20753969338095776,0.05691107059797839,0.17409017323094603
linear_survival,1800,22,0.7200003231268748,0.35118576763310194,0.1395818261498674,0.20808467598913252,0.0570153205524679,0.19792123367243217
linear_survival,2400,22,0.7254469732803152,0.3327536483444006,0.13979495573509945,0.20851895463002768,0.05702112377463005,0.22157067520940377
linear_survival,3600,22,0.756290252034724,0.2581188095031332,0.14297880856726922,0.2155363617641301,0.059723504604885076,0.4089865369033607
right_step,1,22,0.5177651641224029,0.03615967504062575,0.014516031816709967,0.012529111908133005,0.016389743802280487,0.3757620223804668
right_step,2,22,0.5364608300458856,0.07388866639786175,0.03161367812074407,0.03479814865239301,0.025864254304458392,0.3551072082810066
right_step,3,22,0.5604110620602272,0.1286128090103187,0.04692572087427826,0.061812195752696315,0.02499758033127818,0.29472419781239717
right_step,5,22,0.6244585214840916,0.23099200456155175,0.071848764400858,0.1123141897247077,0.023130017663546488,0.22206886337720633
right_step,10,22,0.6283326950474385,0.3058846764434245,0.1046040411206143,0.15596374941646685,0.03694517414120475,0.1923939725308328
right_step,20,22,0.6473950283435506,0.3621992469488188,0.12952008923380512,0.18613628399435286,0.05332478173991084,0.20066748327910885
right_step,30,22,0.6786858727528319,0.3862430028335762,0.13704132407403236,0.19551549074269012,0.05613818360981065,0.18085643260460862
right_step,60,22,0.7040787641970806,0.3976164143651534,0.1391555669794033,0.20569319290447427,0.05652445670491601,0.14969392414795843
right_step,120,22,0.7040787641970806,0.3976164143651534,0.1391555669794033,0.20569319290447427,0.05652445670491601,0.14969392414795843
right_step,180,22,0.7038967259032931,0.39754224220257667,0.1391555669794033,0.20563293601174368,0.05653348908397557,0.1497313091419126
right_step,300,22,0.7038967259032931,0.39754224220257667,0.1391555669794033,0.20563293601174368,0.05653348908397557,0.1497313091419126
right_step,600,22,0.7038393210789771,0.3974552595129904,0.1391555669794033,0.20561793383715052,0.05653796488040616,0.14976957526691811
right_step,900,22,0.7038393210789771,0.3974552595129904,0.1391555669794033,0.20561793383715052,0.05653796488040616,0.14976957526691811
right_step,1200,22,0.6868527109890623,0.36473061526265554,0.13936869656463535,0.20606719743162027,0.05705898781986967,0.2608891125142707
right_step,1800,22,0.6723482655305134,0.33696790331846926,0.1395818261498674,0.20650669542011366,0.05751688558744297,0.3717430710331014
right_step,2400,22,0.6670991152178223,0.31348235168993216,0.13979495573509945,0.20699663102953728,0.057672074780635955,0.40484056065831775
right_step,3600,22,0.6371982409598913,0.21357293984804926,0.14297880856726922,0.21293106749621735,0.061483483632536015,0.6853691291364661
