horizon_s,side,comparison,mean_token_weighted_jaccard,min_token_weighted_jaccard
1,low,log_vs_linear_survival,0.9999485645056597,0.9990185318682322
1,low,log_vs_right_step,0.1469699936592113,0.08516229373605153
1,high,log_vs_linear_survival,0.9997277728219097,0.9968910932481995
1,high,log_vs_right_step,0.1520966433362006,0.09874209061116579
2,low,log_vs_linear_survival,0.9997565523716445,0.9958105595261167
2,low,log_vs_right_step,0.20011908637641704,0.08516229373605153
2,high,log_vs_linear_survival,0.9983566159732175,0.975463057201236
2,high,log_vs_right_step,0.191851432333058,0.09872295521478815
3,low,log_vs_linear_survival,0.9988467382173948,0.9878254644626538
3,low,log_vs_right_step,0.2503095561301984,0.08516229373605153
3,high,log_vs_linear_survival,0.9969844061502624,0.9696137003927591
3,high,log_vs_right_step,0.22989560845364673,0.10485625067298374
5,low,log_vs_linear_survival,0.9972252736079277,0.9500265948398543
5,low,log_vs_right_step,0.3666282314834606,0.10570190676667143
5,high,log_vs_linear_survival,0.9934187132853011,0.9463762396029682
5,high,log_vs_right_step,0.36545148994533866,0.10485625067298374
10,low,log_vs_linear_survival,0.9956439630175862,0.9707703767654103
10,low,log_vs_right_step,0.3762908563989654,0.10570190676667143
10,high,log_vs_linear_survival,0.9909678137108565,0.9164031451647365
10,high,log_vs_right_step,0.38428843968692816,0.10752697718284523
20,low,log_vs_linear_survival,0.9989985559920644,0.9851977452131768
20,low,log_vs_right_step,0.4561621639446098,0.10570190676667143
20,high,log_vs_linear_survival,0.9940355271003881,0.9508900935581938
20,high,log_vs_right_step,0.43410860244804444,0.10752697718284523
30,low,log_vs_linear_survival,0.9982316794185508,0.9853211153076716
30,low,log_vs_right_step,0.4832899041084062,0.10570190676667143
30,high,log_vs_linear_survival,0.992162913160051,0.9427141230998455
30,high,log_vs_right_step,0.44835006948239714,0.10752697718284523
60,low,log_vs_linear_survival,0.9989906317774756,0.9833665153295724
60,low,log_vs_right_step,0.5816002422458262,0.10570190676667143
60,high,log_vs_linear_survival,0.9964868900919782,0.9639612088248154
60,high,log_vs_right_step,0.5749700757852131,0.10752697718284523
120,low,log_vs_linear_survival,0.9984316957991495,0.9833124969722827
120,low,log_vs_right_step,0.6602414500587731,0.10570190676667143
120,high,log_vs_linear_survival,0.9964520846619114,0.9628076698340852
120,high,log_vs_right_step,0.6544534468536564,0.10752697718284523
180,low,log_vs_linear_survival,0.9984828201958887,0.9834796660061933
180,low,log_vs_right_step,0.6587144041574956,0.10570190676667143
180,high,log_vs_linear_survival,0.9963922747570432,0.965359645706791
180,high,log_vs_right_step,0.6534328373789186,0.10752697718284523
300,low,log_vs_linear_survival,0.9984442149556045,0.9837489276060767
300,low,log_vs_right_step,0.6951817168060979,0.10570190676667143
300,high,log_vs_linear_survival,0.9963684475155262,0.9638372850613135
300,high,log_vs_right_step,0.6900344198836099,0.10752697718284523
600,low,log_vs_linear_survival,0.9990019888935379,0.983450829074095
600,low,log_vs_right_step,0.7813416435137772,0.10570190676667143
600,high,log_vs_linear_survival,0.9959566509556695,0.9641387557793853
600,high,log_vs_right_step,0.7742452435545324,0.10987406948145532
900,low,log_vs_linear_survival,0.9990608153820436,0.9835829691482278
900,low,log_vs_right_step,0.8106014421157188,0.10570190676667143
900,high,log_vs_linear_survival,0.9959029635522225,0.9641835462800326
900,high,log_vs_right_step,0.7980927390460014,0.10992265695464667
1200,low,log_vs_linear_survival,0.9989817951812806,0.9835001683656289
1200,low,log_vs_right_step,0.8399907190894297,0.10570190676667143
1200,high,log_vs_linear_survival,0.9957670922340193,0.9601483626354306
1200,high,log_vs_right_step,0.8212057797296887,0.10992265695464667
1800,low,log_vs_linear_survival,0.9979373802009971,0.9825534136335573
1800,low,log_vs_right_step,0.8148538486507664,0.10570190676667143
1800,high,log_vs_linear_survival,0.9953362647284397,0.9592394502601076
1800,high,log_vs_right_step,0.776963127257551,0.10992265695464667
2400,low,log_vs_linear_survival,0.9975006692928681,0.9815932815988094
2400,low,log_vs_right_step,0.7789684978107526,0.10570190676667143
2400,high,log_vs_linear_survival,0.9933892851660594,0.960921308283343
2400,high,log_vs_right_step,0.7340017293738321,0.10988851612055803
3600,low,log_vs_linear_survival,0.997323155662963,0.9856593046455402
3600,low,log_vs_right_step,0.7952871992024773,0.10570190676667143
3600,high,log_vs_linear_survival,0.9921885686438482,0.9622318499200807
3600,high,log_vs_right_step,0.7328601587757213,0.10988851612055803
