method,horizon_s,evict_token_fraction,n_ages,mean_random_event_token_rate,mean_model_event_token_rate,mean_oracle_event_token_rate,aggregate_gap_closed,mean_normalized_regret,mean_gap_closed
log_survival,1,0.1,22,0.014516708855929124,0.0016529512918255036,0.0,0.8861345702920549,0.06323404260746097,0.9367659573925392
log_survival,1,0.2,22,0.014516708855929124,0.002923526853378676,0.0,0.7986095276558084,0.17295094210778109,0.827049057892219
log_survival,1,0.4,22,0.014516708855929124,0.006149334995154732,0.0,0.576396064963228,0.3711359573866708,0.6288640426133291
log_survival,1,0.6,22,0.014516708855929124,0.008668051264068935,0.0,0.4028914301378577,0.5519571253039879,0.44804287469601206
log_survival,1,0.8,22,0.014516708855929124,0.011441782174049382,0.0,0.21181982172383626,0.7311149657689001,0.2688850342310998
log_survival,1,0.9,22,0.014516708855929124,0.012351540009187185,0.0,0.1491501185447836,0.7833169520758998,0.21668304792410018
log_survival,1,0.95,22,0.014516708855929124,0.013260767855674215,0.0031077283425562045,0.11008354329142472,0.9273649534122553,0.07263504658774464
log_survival,2,0.1,22,0.03163598671165141,0.002606938515870717,0.0,0.9175957892626566,0.958432593219399,0.04156740678060101
log_survival,2,0.2,22,0.03163598671165141,0.005017819111554128,0.0,0.8413888854711751,0.5692228429137891,0.43077715708621084
log_survival,2,0.4,22,0.03163598671165141,0.012362494433285097,0.0,0.60922684201495,0.5251489288366652,0.47485107116333486
log_survival,2,0.6,22,0.03163598671165141,0.01809685034559023,0.0,0.4279663058865418,0.6121347709938448,0.3878652290061551
log_survival,2,0.8,22,0.03163598671165141,0.024671763060956222,0.0,0.22013612896512855,0.76259187720046,0.23740812279954007
log_survival,2,0.9,22,0.03163598671165141,0.027303225010820355,0.004589016168699286,0.16019397418096723,0.8854752494546108,0.11452475054538924
log_survival,2,0.95,22,0.03163598671165141,0.02912959181354818,0.015225906620625347,0.1527350801580709,0.887222869786746,0.11277713021325408
log_survival,3,0.1,22,0.04695305362016575,0.004859787384889691,0.0,0.89649688337198,0.08793208949443701,0.9120679105055629
log_survival,3,0.2,22,0.04695305362016575,0.0075828824161307765,0.0,0.8385007612609455,0.14029506882425655,0.8597049311757435
log_survival,3,0.4,22,0.04695305362016575,0.018594834787965607,0.0,0.6039696387291122,0.3488264624445628,0.6511735375554373
log_survival,3,0.6,22,0.04695305362016575,0.027006673339289158,0.0,0.42481540055383893,0.5000948290964607,0.4999051709035393
log_survival,3,0.8,22,0.04695305362016575,0.03739833094831355,2.7816219256281048e-05,0.20361586218990577,0.7734174885469639,0.22658251145303598
log_survival,3,0.9,22,0.04695305362016575,0.04108511914768385,0.015095957076366394,0.18419552027957897,0.8569824857067558,0.1430175142932442
log_survival,3,0.95,22,0.04695305362016575,0.04345829087346619,0.028578885341222084,0.1901997790400377,0.8417562004814129,0.15824379951858722
log_survival,5,0.1,22,0.0719630473242056,0.008306479368800882,0.0,0.8845729901990003,0.09530396803946727,0.9046960319605326
log_survival,5,0.2,22,0.0719630473242056,0.015064074144135815,0.0,0.7906693128729022,0.18973272150828818,0.8102672784917118
log_survival,5,0.4,22,0.0719630473242056,0.03183717727848542,0.0,0.5575899234081403,0.39730214612020515,0.6026978538797949
log_survival,5,0.6,22,0.0719630473242056,0.04609942334316339,0.0,0.3594014559239306,0.5789052015901773,0.4210947984098228
log_survival,5,0.8,22,0.0719630473242056,0.06004753684705213,0.01258406861621218,0.20066883493820412,0.7915688244843793,0.20843117551562063
log_survival,5,0.9,22,0.0719630473242056,0.06509989642468422,0.03888231964752258,0.20746674518767833,0.8251063702786335,0.17489362972136646
log_survival,5,0.95,22,0.0719630473242056,0.06760382542988728,0.053575466505305654,0.23707424795314133,0.7821692150905143,0.2178307849094857
log_survival,10,0.1,22,0.10487342173088963,0.01920101868738935,0.0,0.8169124419658956,0.13968953169159187,0.8603104683084081
log_survival,10,0.2,22,0.10487342173088963,0.034628558908076014,0.0,0.6698061497703908,0.26219802909585616,0.7378019709041439
log_survival,10,0.4,22,0.10487342173088963,0.05538567440289366,0.0,0.4718807349967466,0.4383853503343568,0.5616146496656431
log_survival,10,0.6,22,0.10487342173088963,0.07433076354778448,0.0,0.29123354305611504,0.5989810127942508,0.4010189872057493
log_survival,10,0.8,22,0.10487342173088963,0.09010737214146344,0.04449168276840622,0.2445449542054541,0.7473150431251888,0.2526849568748112
log_survival,10,0.9,22,0.10487342173088963,0.09729024778467242,0.07205502268933318,0.23106471271237164,0.7916197258263877,0.20838027417361224
log_survival,10,0.95,22,0.10487342173088963,0.10004205460984855,0.08787166319161305,0.2841686705454561,0.7257769901453305,0.2742230098546695
log_survival,20,0.1,22,0.13020919838213182,0.0290352963321357,0.0,0.7770104056172416,0.15961144499211757,0.8403885550078826
log_survival,20,0.2,22,0.13020919838213182,0.05093236335305644,0.0,0.6088420481356276,0.29510796306638176,0.7048920369336183
log_survival,20,0.4,22,0.13020919838213182,0.0722559029003189,0.0,0.44507835238900956,0.44812469225202683,0.5518753077479732
log_survival,20,0.6,22,0.13020919838213182,0.0954142453758315,0.01618630914567738,0.30515761562702076,0.5896948329824574,0.41030516701754266
log_survival,20,0.8,22,0.13020919838213182,0.11396025267725575,0.07019897889517973,0.2707696429673791,0.7322769541198465,0.26772304588015355
log_survival,20,0.9,22,0.13020919838213182,0.12287914796905955,0.09900119788186909,0.23487728452870812,0.785104969855622,0.21489503014437797
log_survival,20,0.95,22,0.13020919838213182,0.12566447046894907,0.11444483539074839,0.28829125005982353,0.715965727992239,0.28403427200776094
log_survival,30,0.1,22,0.13825924591197267,0.029496247500341657,0.0,0.7866598555070854,0.15302164259654014,0.8469783574034598
log_survival,30,0.2,22,0.13825924591197267,0.05417476027996429,0.0,0.6081653713455342,0.2911119530298487,0.7088880469701513
log_survival,30,0.4,22,0.13825924591197267,0.07878188418051044,0.0,0.4301872279075677,0.4551693651825273,0.5448306348174726
log_survival,30,0.6,22,0.13825924591197267,0.10163064139142299,0.02510580297834243,0.3237073797395106,0.5749928460761945,0.4250071539238055
log_survival,30,0.8,22,0.13825924591197267,0.12172920794230523,0.0798371776040285,0.2829416768084485,0.725074476967621,0.27492552303237905
log_survival,30,0.9,22,0.13825924591197267,0.13073733794225445,0.10781206450581494,0.24704776016465568,0.7727173922163082,0.22728260778369191
log_survival,30,0.95,22,0.13825924591197267,0.133764267920041,0.12286857590166064,0.29205862960611484,0.7105214111822747,0.28947858881772526
log_survival,60,0.1,22,0.14052426692185632,0.033500061273550916,0.0,0.7616065750965286,0.16683036914917942,0.8331696308508204
log_survival,60,0.2,22,0.14052426692185632,0.0577859803685884,0.0,0.5887829082166826,0.30296715678424874,0.6970328432157512
log_survival,60,0.4,22,0.14052426692185632,0.08182643476327721,0.0,0.4177060193540821,0.4624479431670878,0.5375520568329123
log_survival,60,0.6,22,0.14052426692185632,0.10378218587723977,0.027832380937867864,0.326040164505162,0.5726421768981397,0.42735782310186027
log_survival,60,0.8,22,0.14052426692185632,0.1237355349740219,0.08250128722682705,0.2893462561915393,0.7198743323228481,0.2801256676771518
log_survival,60,0.9,22,0.14052426692185632,0.13272438811031873,0.11027923790797431,0.257889612470121,0.7607258281534225,0.2392741718465775
log_survival,60,0.95,22,0.14052426692185632,0.13592445238538295,0.12528237480550322,0.3017876324907332,0.6992665313405039,0.3007334686594961
log_survival,120,0.1,22,0.14052426692185632,0.03349985673188003,0.0,0.7616080306577309,0.16678694909496958,0.8332130509050305
log_survival,120,0.2,22,0.14052426692185632,0.05776220995972798,0.0,0.5889520634051856,0.3028835272974948,0.6971164727025052
log_survival,120,0.4,22,0.14052426692185632,0.08183826348013216,0.0,0.4176218437372007,0.46250855069646807,0.537491449303532
log_survival,120,0.6,22,0.14052426692185632,0.1037516275490118,0.027832380937867864,0.326311331572437,0.5724575105731197,0.4275424894268804
log_survival,120,0.8,22,0.14052426692185632,0.12375577372734013,0.08250128722682705,0.28899745036625063,0.7201165539557564,0.27988344604424364
log_survival,120,0.9,22,0.14052426692185632,0.13273086172925197,0.11027923790797431,0.2576755733653718,0.7609992676791802,0.23900073232081984
log_survival,120,0.95,22,0.14052426692185632,0.1359209420618581,0.12528237480550322,0.3020179400862772,0.697617329686575,0.3023826703134251
log_survival,180,0.1,22,0.14052426692185632,0.033500188755215925,0.0,0.7616056679104048,0.16683083501580248,0.8331691649841976
log_survival,180,0.2,22,0.14052426692185632,0.05782140640177058,0.0,0.5885308091738753,0.303049626589887,0.696950373410113
log_survival,180,0.4,22,0.14052426692185632,0.08184594908284581,0.0,0.41756715138489736,0.4625532405482403,0.5374467594517597
log_survival,180,0.6,22,0.14052426692185632,0.10370705256858476,0.027832380937867864,0.3267068789540237,0.5722395678294656,0.4277604321705344
log_survival,180,0.8,22,0.14052426692185632,0.12373344879307936,0.08250128722682705,0.28938221058329067,0.7197570709200858,0.28024292907991416
log_survival,180,0.9,22,0.14052426692185632,0.13271696972754318,0.11027923790797431,0.2581348885706047,0.7607884986165652,0.23921150138343486
log_survival,180,0.95,22,0.14052426692185632,0.1359181093182244,0.12528237480550322,0.30220379257834745,0.6974828197172556,0.3025171802827445
log_survival,300,0.1,22,0.14052426692185632,0.033500252267708204,0.0,0.7616052159422597,0.16681973336763406,0.833180266632366
log_survival,300,0.2,22,0.14052426692185632,0.057791495858564884,0.0,0.5887436588393522,0.3028690995665963,0.6971309004334036
log_survival,300,0.4,22,0.14052426692185632,0.08184577117596556,0.0,0.4175684174073727,0.4625018229375955,0.5374981770624044
log_survival,300,0.6,22,0.14052426692185632,0.10369248381954227,0.027832380937867864,0.3268361584395455,0.5721134465680039,0.42788655343199605
log_survival,300,0.8,22,0.14052426692185632,0.12371940627684429,0.08250128722682705,0.2896242270448527,0.7196453875804647,0.2803546124195353
log_survival,300,0.9,22,0.14052426692185632,0.13273232875946342,0.11027923790797431,0.2576270685280719,0.7611782269281516,0.2388217730718482
log_survival,300,0.95,22,0.14052426692185632,0.13593605408129134,0.12528237480550322,0.30102646085798435,0.6985930594439197,0.30140694055608036
log_survival,600,0.1,22,0.14052426692185632,0.03331142418693527,0.0,0.762948955958907,0.16609925258587155,0.8339007474141283
log_survival,600,0.2,22,0.14052426692185632,0.05780505422555873,0.0,0.5886471746712377,0.3029494528862473,0.6970505471137527
log_survival,600,0.4,22,0.14052426692185632,0.08184642084670939,0.0,0.4175637942148235,0.4625395425884607,0.5374604574115392
log_survival,600,0.6,22,0.14052426692185632,0.10372683578029872,0.027832380937867864,0.32653132761293807,0.57232637410551,0.42767362589448993
log_survival,600,0.8,22,0.14052426692185632,0.12373123814186107,0.08250128722682705,0.28942031016435166,0.719809276484916,0.280190723515084
log_survival,600,0.9,22,0.14052426692185632,0.13273395007812946,0.11027923790797431,0.25757346240769746,0.7611150171669944,0.23888498283300577
log_survival,600,0.95,22,0.14052426692185632,0.1359278254015667,0.12528237480550322,0.30156633344478795,0.697642082431109,0.3023579175688909
log_survival,900,0.1,22,0.14052426692185632,0.033326069135122184,0.0,0.762844739452337,0.16613413684982659,0.8338658631501733
log_survival,900,0.2,22,0.14052426692185632,0.057804987396157755,0.0,0.5886476502431972,0.30296594215953726,0.6970340578404627
log_survival,900,0.4,22,0.14052426692185632,0.08185883568474478,0.0,0.41747544763734373,0.462578784809643,0.537421215190357
log_survival,900,0.6,22,0.14052426692185632,0.10385568187518159,0.027832380937867864,0.32538797914771517,0.5730191771115792,0.4269808228884208
log_survival,900,0.8,22,0.14052426692185632,0.12369979212956285,0.08250128722682705,0.2899622680655746,0.719316208655891,0.2806837913441091
log_survival,900,0.9,22,0.14052426692185632,0.13270824003623805,0.11027923790797431,0.2584235208381132,0.7601040841668406,0.23989591583315945
log_survival,900,0.95,22,0.14052426692185632,0.13592038151132452,0.12528237480550322,0.3020547170513216,0.697268192921338,0.302731807078662
log_survival,1200,0.1,22,0.14074060912680963,0.0333339011700228,0.0,0.7631536386204752,0.1551683169495113,0.8448316830504887
log_survival,1200,0.2,22,0.14074060912680963,0.05791079664371639,0.0,0.5885281653745167,0.32132058269574343,0.6786794173042564
log_survival,1200,0.4,22,0.14074060912680963,0.08191582441096792,0.0,0.4179659664741084,0.4458696424094619,0.5541303575905381
log_survival,1200,0.6,22,0.14074060912680963,0.10387300729792548,0.027832380937867864,0.32652714882027495,0.5395349304185797,0.4604650695814203
log_survival,1200,0.8,22,0.14074060912680963,0.12386188280082716,0.08250128722682705,0.2898166698260874,0.7108162230897768,0.28918377691022323
log_survival,1200,0.9,22,0.14074060912680963,0.13283069119274923,0.11027923790797431,0.2596704487541068,0.7447906144568139,0.2552093855431861
log_survival,1200,0.95,22,0.14074060912680963,0.13603353621914868,0.12528237480550322,0.3045026236387874,0.6870052137094661,0.312994786290534
log_survival,1800,0.1,22,0.14096118492048854,0.03333742509803906,0.0,0.7634992560764612,0.14587936606625124,0.8541206339337488
log_survival,1800,0.2,22,0.14096118492048854,0.05802802655631576,0.0,0.5883403889585107,0.3369241666406093,0.6630758333593906
log_survival,1800,0.4,22,0.14096118492048854,0.08196639417409056,0.0,0.4185179826607939,0.43170972640600325,0.5682902735939966
log_survival,1800,0.6,22,0.14096118492048854,0.10395336692862732,0.027832380937867864,0.32712993233400145,0.5128242286213612,0.48717577137863877
log_survival,1800,0.8,22,0.14096118492048854,0.1240234836937876,0.08250128722682705,0.2897319683222334,0.7030026737459499,0.29699732625405023
log_survival,1800,0.9,22,0.14096118492048854,0.13287729693510839,0.11027923790797431,0.2634737613647198,0.7298790281006902,0.2701209718993099
log_survival,1800,0.95,22,0.14096118492048854,0.13615029665036033,0.12528237480550322,0.3068401386869348,0.6784506601800968,0.32154933981990325
log_survival,2400,0.1,22,0.14118176071416744,0.034544491182630525,0.0,0.7553190227414126,0.14141961002754513,0.858580389972455
log_survival,2400,0.2,22,0.14118176071416744,0.05807087811426901,0.0,0.5886800262263505,0.3499045485113456,0.6500954514886542
log_survival,2400,0.4,22,0.14118176071416744,0.08225069564918039,0.0,0.41741273636824233,0.43402394765221564,0.5659760523477844
log_survival,2400,0.6,22,0.14118176071416744,0.10401589513857461,0.027832380937867864,0.32788768362863074,0.48883540456281144,0.5111645954371886
log_survival,2400,0.8,22,0.14118176071416744,0.12421082074856077,0.08250128722682705,0.2892093222333652,0.6922527311873673,0.3077472688126327
log_survival,2400,0.9,22,0.14118176071416744,0.1330062487500437,0.11027923790797431,0.26455807557838956,0.7191564541414984,0.28084354585850174
log_survival,2400,0.95,22,0.14118176071416744,0.1363553893091397,0.12528237480550322,0.3035570953968509,0.6754194381658575,0.3245805618341424
log_survival,3600,0.1,22,0.1458784977783371,0.03794112544321023,0.0,0.7399128314245331,0.11513413597330022,0.8848658640266995
log_survival,3600,0.2,22,0.1458784977783371,0.06244907304699143,0.0,0.5719103637749066,0.43191606994043785,0.5680839300595623
log_survival,3600,0.4,22,0.1458784977783371,0.08569755548478993,0.0,0.41254155485609906,0.38121554540397334,0.6187844545960266
log_survival,3600,0.6,22,0.1458784977783371,0.10724079805879004,0.029696409910306965,0.33256158869717656,0.38001057306812447,0.6199894269318754
log_survival,3600,0.8,22,0.1458784977783371,0.1283040543335063,0.08508301634529332,0.28907482975007215,0.6466897688632627,0.3533102311367373
log_survival,3600,0.9,22,0.1458784977783371,0.13728230778526826,0.11293786344825815,0.2609600624848759,0.6654324469663168,0.33456755303368324
log_survival,3600,0.95,22,0.1458784977783371,0.14039527307963293,0.12813612290339146,0.3090468292633786,0.6441438403804336,0.3558561596195664
linear_survival,1,0.1,22,0.014516708855929124,0.0016531070743064204,0.0,0.8861238390386789,0.06323915104719549,0.9367608489528045
linear_survival,1,0.2,22,0.014516708855929124,0.0029236750617466574,0.0,0.7985993181538165,0.17296796953159108,0.8270320304684089
linear_survival,1,0.4,22,0.014516708855929124,0.006149523793493925,0.0,0.5763830593749045,0.37114348215115356,0.6288565178488464
linear_survival,1,0.6,22,0.014516708855929124,0.008668016958343218,0.0,0.4028937933267911,0.5519737409856604,0.44802625901433957
linear_survival,1,0.8,22,0.014516708855929124,0.0114406636206503,0.0,0.2118968745469095,0.7310547436825264,0.2689452563174735
linear_survival,1,0.9,22,0.014516708855929124,0.012352685270646431,0.0,0.14907122590660976,0.783362762257553,0.21663723774244695
linear_survival,1,0.95,22,0.014516708855929124,0.013259531163581468,0.0031077283425562045,0.1101919396631512,0.9273089311323268,0.07269106886767324
linear_survival,2,0.1,22,0.03163598671165141,0.0026069590052494682,0.0,0.9175951416021637,0.9584324506163994,0.04156754938360068
linear_survival,2,0.2,22,0.03163598671165141,0.00501832117305086,0.0,0.8413730155221416,0.5692411591535644,0.43075884084643545
linear_survival,2,0.4,22,0.03163598671165141,0.012366370233148632,0.0,0.6091043296400758,0.5252092293418091,0.4747907706581909
linear_survival,2,0.6,22,0.03163598671165141,0.018078464391224187,0.0,0.42854747803500753,0.6115258834683951,0.3884741165316049
linear_survival,2,0.8,22,0.03163598671165141,0.024682657343656485,0.0,0.21979176535164113,0.7628724821453065,0.2371275178546937
linear_survival,2,0.9,22,0.03163598671165141,0.02729691550258598,0.004589016168699286,0.16042725384622047,0.8853188967174603,0.11468110328253975
linear_survival,2,0.95,22,0.03163598671165141,0.02912921697018817,0.015225906620625347,0.15275792242074923,0.8872092604446787,0.1127907395553212
linear_survival,3,0.1,22,0.04695305362016575,0.004851071452277205,0.0,0.8966825141657297,0.08783947635934176,0.9121605236406584
linear_survival,3,0.2,22,0.04695305362016575,0.007576155074363888,0.0,0.8386440393067421,0.14022611109588123,0.8597738889041188
linear_survival,3,0.4,22,0.04695305362016575,0.018607942351032948,0.0,0.6036904755638498,0.34901717624857187,0.6509828237514281
linear_survival,3,0.6,22,0.04695305362016575,0.026998219456645357,0.0,0.4249954502416013,0.5000220142598842,0.4999779857401157
linear_survival,3,0.8,22,0.04695305362016575,0.03745057344360419,2.7816219256281048e-05,0.2025025487964263,0.7738543582060402,0.2261456417939599
linear_survival,3,0.9,22,0.04695305362016575,0.041082280859438026,0.015095957076366394,0.1842846146589716,0.8569089829159995,0.14309101708400054
linear_survival,3,0.95,22,0.04695305362016575,0.04348528789365361,0.028578885341222084,0.18873048694596492,0.8429589464054682,0.15704105359453188
linear_survival,5,0.1,22,0.0719630473242056,0.008310288728466519,0.0,0.8845200552579815,0.09531163318607892,0.9046883668139212
linear_survival,5,0.2,22,0.0719630473242056,0.015017699562834951,0.0,0.7913137350176723,0.18945722232219261,0.8105427776778075
linear_survival,5,0.4,22,0.0719630473242056,0.031823636759794265,0.0,0.5577780827370546,0.3976913862144082,0.6023086137855919
linear_survival,5,0.6,22,0.0719630473242056,0.04607246845896775,0.0,0.3597760215544576,0.578252343154018,0.4217476568459821
linear_survival,5,0.8,22,0.0719630473242056,0.06018121354598869,0.01258406861621218,0.19841758875908172,0.7930377523090706,0.20696224769092939
linear_survival,5,0.9,22,0.0719630473242056,0.06504685416705742,0.03888231964752258,0.2090701638955499,0.8238568232307096,0.1761431767692903
linear_survival,5,0.95,22,0.0719630473242056,0.06749905598541034,0.053575466505305654,0.24277208528741737,0.7770626409264,0.22293735907360016
linear_survival,10,0.1,22,0.10487342173088963,0.019141435963150443,0.0,0.8174805813786804,0.13921796752198307,0.860782032478017
linear_survival,10,0.2,22,0.10487342173088963,0.034323102202892766,0.0,0.6727187724362848,0.2602297569236019,0.739770243076398
linear_survival,10,0.4,22,0.10487342173088963,0.05545105698854806,0.0,0.4712572921398693,0.43915922432109333,0.5608407756789067
linear_survival,10,0.6,22,0.10487342173088963,0.07428699972646914,0.0,0.2916508444142002,0.598693354237183,0.40130664576281705
linear_survival,10,0.8,22,0.10487342173088963,0.09017312208969328,0.04449168276840622,0.24345604968962553,0.7481338868540813,0.2518661131459188
linear_survival,10,0.9,22,0.10487342173088963,0.09724623714160831,0.07205502268933318,0.23240574836156294,0.790558906227319,0.20944109377268114
linear_survival,10,0.95,22,0.10487342173088963,0.09997595491492008,0.08787166319161305,0.2880564857250315,0.7225832611176322,0.27741673888236795
linear_survival,20,0.1,22,0.13020919838213182,0.02905268992776464,0.0,0.7768768236902729,0.15994278911636917,0.8400572108836308
linear_survival,20,0.2,22,0.13020919838213182,0.05094235249544605,0.0,0.6087653320317447,0.29523656774518303,0.704763432254817
linear_survival,20,0.4,22,0.13020919838213182,0.07218978261796802,0.0,0.44558615278385444,0.4477035369389011,0.5522964630610989
linear_survival,20,0.6,22,0.13020919838213182,0.09548145208930402,0.01618630914567738,0.3045682013969257,0.5903562033505186,0.4096437966494814
linear_survival,20,0.8,22,0.13020919838213182,0.11398243449639599,0.07019897889517973,0.2704000089395439,0.7329105270262608,0.26708947297373914
linear_survival,20,0.9,22,0.13020919838213182,0.12293587916994377,0.09900119788186909,0.23305944295043274,0.7872458655921573,0.2127541344078427
linear_survival,20,0.95,22,0.13020919838213182,0.12562747632258675,0.11444483539074839,0.29063794471425036,0.7136353724480298,0.28636462755197023
linear_survival,30,0.1,22,0.13825924591197267,0.029474769626640477,0.0,0.786815200443039,0.15293613251749488,0.8470638674825051
linear_survival,30,0.2,22,0.13825924591197267,0.05406427093137898,0.0,0.6089645175281747,0.2906654859773148,0.7093345140226852
linear_survival,30,0.4,22,0.13825924591197267,0.07856006886020332,0.0,0.431791571391752,0.45368487881741737,0.5463151211825825
linear_survival,30,0.6,22,0.13825924591197267,0.10171307431608109,0.02510580297834243,0.32297887407038606,0.5764915676311005,0.42350843236889946
linear_survival,30,0.8,22,0.13825924591197267,0.12165726041623316,0.0798371776040285,0.2841731896281047,0.7235835134104344,0.2764164865895657
linear_survival,30,0.9,22,0.13825924591197267,0.13066848662670072,0.10781206450581494,0.2493090964320517,0.7718395632517698,0.2281604367482302
linear_survival,30,0.95,22,0.13825924591197267,0.13379047560609622,0.12286857590166064,0.29035580016219503,0.7129413640253216,0.28705863597467834
linear_survival,60,0.1,22,0.14052426692185632,0.033479195185627295,0.0,0.7617550625313375,0.1666517670920897,0.8333482329079104
linear_survival,60,0.2,22,0.14052426692185632,0.057692435328857816,0.0,0.5894485942350455,0.30231608802370824,0.6976839119762918
linear_survival,60,0.4,22,0.14052426692185632,0.08165578045055245,0.0,0.4189204310458339,0.4614933986642466,0.5385066013357535
linear_survival,60,0.6,22,0.14052426692185632,0.10361070519392689,0.027832380937867864,0.32756184179200093,0.5717060847607051,0.428293915239295
linear_survival,60,0.8,22,0.14052426692185632,0.12375339903942346,0.08250128722682705,0.28903837704614793,0.7201681827297656,0.27983181727023443
linear_survival,60,0.9,22,0.14052426692185632,0.13275887528012728,0.11027923790797431,0.2567493533619969,0.7618031804683096,0.23819681953169028
linear_survival,60,0.95,22,0.14052426692185632,0.13587707734318055,0.12528237480550322,0.3048958451614926,0.6975331917106377,0.3024668082893624
linear_survival,120,0.1,22,0.14052426692185632,0.03347946948311193,0.0,0.7617531105732122,0.16661564709999957,0.8333843529000003
linear_survival,120,0.2,22,0.14052426692185632,0.05767083244414048,0.0,0.5896023248695511,0.30226982311753825,0.6977301768824618
linear_survival,120,0.4,22,0.14052426692185632,0.08168130148759836,0.0,0.41873881802194174,0.4616175419160765,0.5383824580839235
linear_survival,120,0.6,22,0.14052426692185632,0.10360142606416133,0.027832380937867864,0.32764418250077987,0.5717009755575018,0.4282990244424982
linear_survival,120,0.8,22,0.14052426692185632,0.1237730166701473,0.08250128722682705,0.28870027598986053,0.7203858265698322,0.2796141734301678
linear_survival,120,0.9,22,0.14052426692185632,0.13276583506362755,0.11027923790797431,0.25651924005983834,0.7620380235529898,0.2379619764470102
linear_survival,120,0.95,22,0.14052426692185632,0.1358737052770932,0.12528237480550322,0.30511708187289416,0.6958881733963356,0.3041118266036645
linear_survival,180,0.1,22,0.14052426692185632,0.033479801506447825,0.0,0.7617507478258861,0.1666595330208325,0.8333404669791675
linear_survival,180,0.2,22,0.14052426692185632,0.05766648763172558,0.0,0.589633243461123,0.3022201783853315,0.6977798216146686
linear_survival,180,0.4,22,0.14052426692185632,0.08168855381449358,0.0,0.4186872089507537,0.46167638156660296,0.538323618433397
linear_survival,180,0.6,22,0.14052426692185632,0.10354497538784954,0.027832380937867864,0.32814511187842654,0.571326142443804,0.428673857556196
linear_survival,180,0.8,22,0.14052426692185632,0.1237599538802484,0.08250128722682705,0.2889254073079618,0.7200996856481211,0.27990031435187884
linear_survival,180,0.9,22,0.14052426692185632,0.1327629431460139,0.11027923790797431,0.2566148563547452,0.7619571030293351,0.23804289697066494
linear_survival,180,0.95,22,0.14052426692185632,0.13586633957484892,0.12528237480550322,0.30560033567026024,0.6956477232059214,0.3043522767940786
linear_survival,300,0.1,22,0.14052426692185632,0.03348311987674544,0.0,0.7617271336105603,0.16666041767222714,0.8333395823277727
linear_survival,300,0.2,22,0.14052426692185632,0.05773548485484265,0.0,0.5891422448270193,0.3024980746408224,0.6975019253591775
linear_survival,300,0.4,22,0.14052426692185632,0.08168173269038989,0.0,0.4187357494929184,0.46157957314335046,0.5384204268566495
linear_survival,300,0.6,22,0.14052426692185632,0.10353779996591497,0.027832380937867864,0.32820878480280713,0.5712783025811413,0.4287216974188587
linear_survival,300,0.8,22,0.14052426692185632,0.12373335792224815,0.08250128722682705,0.28938377670126125,0.719823016705363,0.280176983294637
linear_survival,300,0.9,22,0.14052426692185632,0.13278891767877948,0.11027923790797431,0.25575605298730014,0.7627457200102622,0.23725427998973772
linear_survival,300,0.95,22,0.14052426692185632,0.13587367795568644,0.12528237480550322,0.3051188743935694,0.696146401467887,0.303853598532113
linear_survival,600,0.1,22,0.14052426692185632,0.03329237847497865,0.0,0.7630844892185625,0.1659363640998651,0.8340636359001349
linear_survival,600,0.2,22,0.14052426692185632,0.05773783670542654,0.0,0.5891255085676143,0.3025035775532477,0.6974964224467523
linear_survival,600,0.4,22,0.14052426692185632,0.08167088055724324,0.0,0.4188129755363938,0.4615761832406736,0.5384238167593264
linear_survival,600,0.6,22,0.14052426692185632,0.10354600976996188,0.027832380937867864,0.328135933026699,0.5712347715829843,0.4287652284170157
linear_survival,600,0.8,22,0.14052426692185632,0.1237266303153154,0.08250128722682705,0.28949972398573565,0.7197567137671237,0.2802432862328763
linear_survival,600,0.9,22,0.14052426692185632,0.13276456268813552,0.11027923790797431,0.25656130897276413,0.7620517937728771,0.2379482062271228
linear_survival,600,0.95,22,0.14052426692185632,0.135856683139953,0.12528237480550322,0.30623388134964225,0.6948260735093881,0.30517392649061187
linear_survival,900,0.1,22,0.14052426692185632,0.03333364758504279,0.0,0.7627908096216636,0.16637714256304725,0.8336228574369527
linear_survival,900,0.2,22,0.14052426692185632,0.05773680327674069,0.0,0.5891328626617397,0.3025236310890579,0.697476368910942
linear_survival,900,0.4,22,0.14052426692185632,0.08167599535694836,0.0,0.41877657755462766,0.46156115431619926,0.5384388456838007
linear_survival,900,0.6,22,0.14052426692185632,0.10368669008762703,0.027832380937867864,0.3268875705874979,0.5720836982089506,0.42791630179104945
linear_survival,900,0.8,22,0.14052426692185632,0.12371399370142892,0.08250128722682705,0.28971751035163584,0.7196698052262839,0.28033019477371607
linear_survival,900,0.9,22,0.14052426692185632,0.13276236128979674,0.11027923790797431,0.25663409443241025,0.7618337548260583,0.23816624517394167
linear_survival,900,0.95,22,0.14052426692185632,0.1358490037315195,0.12528237480550322,0.30673771698729596,0.6943996550575767,0.3056003449424232
linear_survival,1200,0.1,22,0.14074060912680963,0.033314855458066166,0.0,0.7632889635425059,0.1550190025040054,0.8449809974959946
linear_survival,1200,0.2,22,0.14074060912680963,0.057841899278899704,0.0,0.5890176997402136,0.32090866476955326,0.6790913352304467
linear_survival,1200,0.4,22,0.14074060912680963,0.08173432070793246,0.0,0.41925559925430994,0.4449434507193097,0.5550565492806904
linear_survival,1200,0.6,22,0.14074060912680963,0.10372508136922028,0.027832380937867864,0.32783729185482563,0.5387739580678371,0.46122604193216293
linear_survival,1200,0.8,22,0.14074060912680963,0.1238574243416375,0.08250128722682705,0.28989322393153033,0.7106905625113279,0.28930943748867216
linear_survival,1200,0.9,22,0.14074060912680963,0.13285272976430712,0.11027923790797431,0.2589469563216893,0.7457969792787461,0.25420302072125384
linear_survival,1200,0.95,22,0.14074060912680963,0.13597575916424853,0.12528237480550322,0.30824024681742646,0.685062756165774,0.3149372438342261
linear_survival,1800,0.1,22,0.14096118492048854,0.033318717828051715,0.0,0.763631968283711,0.1457458426248533,0.8542541573751468
linear_survival,1800,0.2,22,0.14096118492048854,0.05793194745838129,0.0,0.5890219886342559,0.33637114308465343,0.6636288569153466
linear_survival,1800,0.4,22,0.14096118492048854,0.0817761263540398,0.0,0.4198677713998576,0.43075004744813966,0.5692499525518603
linear_survival,1800,0.6,22,0.14096118492048854,0.10381148692397411,0.027832380937867864,0.3283840780480762,0.5121853836209558,0.4878146163790442
linear_survival,1800,0.8,22,0.14096118492048854,0.1239990081709129,0.08250128722682705,0.290150640332283,0.7027096549280937,0.2972903450719065
linear_survival,1800,0.9,22,0.14096118492048854,0.1329561896561259,0.11027923790797431,0.26090245384680566,0.7320737752354478,0.2679262247645522
linear_survival,1800,0.95,22,0.14096118492048854,0.13611834964345643,0.12528237480550322,0.3088777299754067,0.6774490285181015,0.3225509714818985
linear_survival,2400,0.1,22,0.14118176071416744,0.034434725307083434,0.0,0.7560965018930526,0.14108357560436258,0.8589164243956375
linear_survival,2400,0.2,22,0.14118176071416744,0.0579384740732182,0.0,0.5896178530418049,0.34924549936049926,0.6507545006395007
linear_survival,2400,0.4,22,0.14118176071416744,0.08204289669373158,0.0,0.4188845904830916,0.4322983744084062,0.5677016255915939
linear_survival,2400,0.6,22,0.14118176071416744,0.10400658912470438,0.027832380937867864,0.32796978389145165,0.48905183792695467,0.5109481620730454
linear_survival,2400,0.8,22,0.14118176071416744,0.12414164143480239,0.08250128722682705,0.29038823763140315,0.69105138040077,0.3089486195992302
linear_survival,2400,0.9,22,0.14118176071416744,0.133076172932145,0.11027923790797431,0.2622953418029034,0.7207994820335256,0.27920051796647444
linear_survival,2400,0.95,22,0.14118176071416744,0.13626379690286172,0.12528237480550322,0.3093178465858683,0.6718606250770547,0.3281393749229453
linear_survival,3600,0.1,22,0.1458784977783371,0.03824732303279243,0.0,0.7378138408656403,0.11610315582041132,0.8838968441795887
linear_survival,3600,0.2,22,0.1458784977783371,0.06233521738281183,0.0,0.5726908466144859,0.43161051162892067,0.5683894883710794
linear_survival,3600,0.4,22,0.1458784977783371,0.08547169432790455,0.0,0.41408983757305284,0.3806818358460345,0.6193181641539655
linear_survival,3600,0.6,22,0.1458784977783371,0.10719249649736834,0.029696409910306965,0.3329773288711401,0.38000230994037265,0.6199976900596275
linear_survival,3600,0.8,22,0.1458784977783371,0.12829144668355452,0.08508301634529332,0.2892822078257877,0.6468552856182088,0.3531447143817911
linear_survival,3600,0.9,22,0.1458784977783371,0.13731520825470953,0.11293786344825815,0.25996128179621064,0.6663311724977964,0.3336688275022037
linear_survival,3600,0.95,22,0.1458784977783371,0.14040566409160904,0.12813612290339146,0.30846116854719197,0.6448302817578554,0.35516971824214477
right_step,1,0.1,22,0.014516708855929124,0.017517424952566717,0.0,-0.20670774115663254,1.0042159448741643,-0.004215944874164472
right_step,1,0.2,22,0.014516708855929124,0.016304118038455485,0.0,-0.12312771443344894,0.9157664827431995,0.08423351725680046
right_step,1,0.4,22,0.014516708855929124,0.015253464381630609,0.0,-0.050752242330779275,0.8198075194464421,0.18019248055355788
right_step,1,0.6,22,0.014516708855929124,0.015417759957182631,0.0,-0.06206992991290081,0.836951205791897,0.16304879420810303
right_step,1,0.8,22,0.014516708855929124,0.015011417362798363,0.0,-0.034078558148335616,0.9440704632029358,0.05592953679706436
right_step,1,0.9,22,0.014516708855929124,0.015143313108906693,0.0,-0.04316434662954903,0.9366252650320546,0.06337473496794564
right_step,1,0.95,22,0.014516708855929124,0.014917078526965081,0.0031077283425562045,-0.03509250196077273,0.916885720692412,0.08311427930758784
right_step,2,0.1,22,0.03163598671165141,0.02765891025522348,0.0,0.12571368463001623,0.830617262358233,0.16938273764176703
right_step,2,0.2,22,0.03163598671165141,0.025814981036353015,0.0,0.18399949805120322,0.7094546222040439,0.29054537779595613
right_step,2,0.4,22,0.03163598671165141,0.027801457216288458,0.0,0.12120783619973863,0.7334250543875882,0.26657494561241185
right_step,2,0.6,22,0.03163598671165141,0.029354920858969645,0.0,0.07210351532489602,0.8072666528698295,0.19273334713017068
right_step,2,0.8,22,0.03163598671165141,0.030849010007630115,0.0,0.02487599679422845,0.8686826649487952,0.13131733505120466
right_step,2,0.9,22,0.03163598671165141,0.031073900223935788,0.004589016168699286,0.020781864897696987,0.8790606773449752,0.12093932265502491
right_step,2,0.95,22,0.03163598671165141,0.031232150199024023,0.015225906620625347,0.02460905189903529,0.8975665316504902,0.10243346834950992
right_step,3,0.1,22,0.04695305362016575,0.024168522736721265,0.0,0.4852619611870954,0.6614280154146001,0.33857198458539994
right_step,3,0.2,22,0.04695305362016575,0.025053111924681702,0.0,0.4664220962633684,0.590635366405235,0.4093646335947651
right_step,3,0.4,22,0.04695305362016575,0.03181036756839357,0.0,0.32250694862726853,0.6587449365014713,0.34125506349852874
right_step,3,0.6,22,0.04695305362016575,0.036980516235896675,0.0,0.212393797961332,0.7424228018984155,0.2575771981015845
right_step,3,0.8,22,0.04695305362016575,0.043241007753699386,2.7816219256281048e-05,0.0791055319497311,0.8552879127841855,0.1447120872158146
right_step,3,0.9,22,0.04695305362016575,0.04459315894418084,0.015095957076366394,0.0740775190463563,0.8471743228349718,0.15282567716502823
right_step,3,0.95,22,0.04695305362016575,0.04534488636871002,0.028578885341222084,0.08752326783131971,0.8413610338064298,0.15863896619357043
right_step,5,0.1,22,0.0719630473242056,0.021562657619411195,0.0,0.7003648619510537,0.4746983001441105,0.5253016998558895
right_step,5,0.2,22,0.0719630473242056,0.023127125714764107,0.0,0.6786249808103244,0.44172265472392847,0.5582773452760715
right_step,5,0.4,22,0.0719630473242056,0.03524993435896347,0.0,0.5101661801485893,0.5021415939116071,0.497858406088393
right_step,5,0.6,22,0.0719630473242056,0.048239457847986354,0.0,0.32966349200500766,0.6339503455216129,0.366049654478387
right_step,5,0.8,22,0.0719630473242056,0.06162330576079962,0.01258406861621218,0.17413134729469623,0.7393090307830502,0.26069096921694973
right_step,5,0.9,22,0.0719630473242056,0.06545833539335993,0.03888231964752258,0.19663146453185534,0.742886596512808,0.25711340348719197
right_step,5,0.95,22,0.0719630473242056,0.06773217510387904,0.053575466505305654,0.23009401084332942,0.7069776714756538,0.29302232852434623
right_step,10,0.1,22,0.10487342173088963,0.024782844901650117,0.0,0.7636880298876476,0.3277966342255047,0.6722033657744952
right_step,10,0.2,22,0.10487342173088963,0.03737478843348712,0.0,0.6436200152847815,0.3873279404346443,0.6126720595653556
right_step,10,0.4,22,0.10487342173088963,0.057557170025554966,0.0,0.45117486322464523,0.5121065906416465,0.48789340935835346
right_step,10,0.6,22,0.10487342173088963,0.07729405287390743,0.0,0.26297767729703925,0.6495073474083656,0.3504926525916344
right_step,10,0.8,22,0.10487342173088963,0.09158269976444912,0.04449168276840622,0.22011161312691493,0.7031979403491693,0.29680205965083073
right_step,10,0.9,22,0.10487342173088963,0.09771489365713228,0.07205502268933318,0.21812545044299203,0.7177816523384419,0.2822183476615581
right_step,10,0.95,22,0.10487342173088963,0.10015039389068373,0.08787166319161305,0.27779643083949307,0.6542338150494333,0.3457661849505666
right_step,20,0.1,22,0.13020919838213182,0.03507807198564462,0.0,0.7306021969146977,0.3139336324380116,0.6860663675619884
right_step,20,0.2,22,0.13020919838213182,0.05327790565403239,0.0,0.590828402939131,0.40039178361687794,0.5996082163831221
right_step,20,0.4,22,0.13020919838213182,0.07535878019857062,0.0,0.4212484130544202,0.5305148978499044,0.4694851021500957
right_step,20,0.6,22,0.13020919838213182,0.09813916380818766,0.01618630914567738,0.28125962066650567,0.6587125306989634,0.34128746930103665
right_step,20,0.8,22,0.13020919838213182,0.1156181704979971,0.07019897889517973,0.2431423848950799,0.7697053533249597,0.2302946466750404
right_step,20,0.9,22,0.13020919838213182,0.12339164981446654,0.09900119788186909,0.2184551543956777,0.7978763894384406,0.20212361056155945
right_step,20,0.95,22,0.13020919838213182,0.12550895699884101,0.11444483539074839,0.29815612504354855,0.7096017583003725,0.29039824169962747
right_step,30,0.1,22,0.13825924591197267,0.035938001337014504,0.0,0.7400680070257607,0.30324058067512927,0.6967594193248707
right_step,30,0.2,22,0.13825924591197267,0.05624028060706621,0.0,0.593225897941947,0.3606982073145771,0.6393017926854229
right_step,30,0.4,22,0.13825924591197267,0.0808187059214863,0.0,0.41545532533178864,0.5142198890316334,0.48578011096836665
right_step,30,0.6,22,0.13825924591197267,0.10442489996409282,0.02510580297834243,0.29901296037209635,0.6350366428439478,0.36496335715605227
right_step,30,0.8,22,0.13825924591197267,0.12330311245827065,0.0798371776040285,0.25600143724573166,0.7539273950419026,0.2460726049580972
right_step,30,0.9,22,0.13825924591197267,0.13137276675404685,0.10781206450581494,0.2261778870780161,0.7938328763153422,0.20616712368465792
right_step,30,0.95,22,0.13825924591197267,0.13354092027931344,0.12286857590166064,0.306570515091147,0.7028055867279647,0.2971944132720354
right_step,60,0.1,22,0.14052426692185632,0.03357491473117688,0.0,0.7610739022759148,0.16824668613514673,0.8317533138648533
right_step,60,0.2,22,0.14052426692185632,0.057375415818828594,0.0,0.5917045712059519,0.30090443689977636,0.6990955631002237
right_step,60,0.4,22,0.14052426692185632,0.08136897084896821,0.0,0.4209614280057663,0.4598259946625344,0.5401740053374656
right_step,60,0.6,22,0.14052426692185632,0.10350944394046602,0.027832380937867864,0.3284604091784342,0.5723322864263447,0.4276677135736554
right_step,60,0.8,22,0.14052426692185632,0.12411915136192007,0.08250128722682705,0.2827348000078949,0.7249300453643525,0.27506995463564754
right_step,60,0.9,22,0.14052426692185632,0.13287853281932988,0.11027923790797431,0.2527930820968024,0.765726617615693,0.23427338238430695
right_step,60,0.95,22,0.14052426692185632,0.13588260632088714,0.12528237480550322,0.3045330963856595,0.6982121460018879,0.3017878539981122
right_step,120,0.1,22,0.14052426692185632,0.03357491473117688,0.0,0.7610739022759148,0.16824668613514673,0.8317533138648533
right_step,120,0.2,22,0.14052426692185632,0.057375415818828594,0.0,0.5917045712059519,0.30090443689977636,0.6990955631002237
right_step,120,0.4,22,0.14052426692185632,0.08136897084896821,0.0,0.4209614280057663,0.4598259946625344,0.5401740053374656
right_step,120,0.6,22,0.14052426692185632,0.10350944394046602,0.027832380937867864,0.3284604091784342,0.5723322864263447,0.4276677135736554
right_step,120,0.8,22,0.14052426692185632,0.12411915136192007,0.08250128722682705,0.2827348000078949,0.7249300453643525,0.27506995463564754
right_step,120,0.9,22,0.14052426692185632,0.13287853281932988,0.11027923790797431,0.2527930820968024,0.765726617615693,0.23427338238430695
right_step,120,0.95,22,0.14052426692185632,0.13588260632088714,0.12528237480550322,0.3045330963856595,0.6982121460018879,0.3017878539981122
right_step,180,0.1,22,0.14052426692185632,0.033553944592953903,0.0,0.761223130154361,0.1679881959992109,0.8320118040007891
right_step,180,0.2,22,0.14052426692185632,0.05742803240627994,0.0,0.5913301405926216,0.3010832399916626,0.6989167600083375
right_step,180,0.4,22,0.14052426692185632,0.08139545706048223,0.0,0.42077294659900155,0.4599821504776665,0.5400178495223336
right_step,180,0.6,22,0.14052426692185632,0.10355850503491909,0.027832380937867864,0.328025053127511,0.5727269014569397,0.42727309854306034
right_step,180,0.8,22,0.14052426692185632,0.12411861219819215,0.08250128722682705,0.2827440922526359,0.7248449253360101,0.2751550746639899
right_step,180,0.9,22,0.14052426692185632,0.13287149644347357,0.11027923790797431,0.2530257277938218,0.7655348111309395,0.23446518886906056
right_step,180,0.95,22,0.14052426692185632,0.1359417937821428,0.12528237480550322,0.30064988682061095,0.7011715574586048,0.2988284425413952
right_step,300,0.1,22,0.14052426692185632,0.033553944592953903,0.0,0.761223130154361,0.1679881959992109,0.8320118040007891
right_step,300,0.2,22,0.14052426692185632,0.05742803240627994,0.0,0.5913301405926216,0.3010832399916626,0.6989167600083375
right_step,300,0.4,22,0.14052426692185632,0.08139545706048223,0.0,0.42077294659900155,0.4599821504776665,0.5400178495223336
right_step,300,0.6,22,0.14052426692185632,0.10355850503491909,0.027832380937867864,0.328025053127511,0.5727269014569397,0.42727309854306034
right_step,300,0.8,22,0.14052426692185632,0.12411861219819215,0.08250128722682705,0.2827440922526359,0.7248449253360101,0.2751550746639899
right_step,300,0.9,22,0.14052426692185632,0.13287149644347357,0.11027923790797431,0.2530257277938218,0.7655348111309395,0.23446518886906056
right_step,300,0.95,22,0.14052426692185632,0.1359417937821428,0.12528237480550322,0.30064988682061095,0.7011715574586048,0.2988284425413952
right_step,600,0.1,22,0.14052426692185632,0.03334329700673433,0.0,0.7627221423238159,0.16714391895281147,0.8328560810471886
right_step,600,0.2,22,0.14052426692185632,0.05742763190143494,0.0,0.5913329906686532,0.3011194688769756,0.6988805311230244
right_step,600,0.4,22,0.14052426692185632,0.08138268909891104,0.0,0.4208638060772317,0.459923811347763,0.540076188652237
right_step,600,0.6,22,0.14052426692185632,0.10361569541386344,0.027832380937867864,0.3275175598111557,0.5732106186651389,0.4267893813348611
right_step,600,0.8,22,0.14052426692185632,0.12409077938968843,0.08250128722682705,0.2832237782089588,0.7244812423707077,0.27551875762929234
right_step,600,0.9,22,0.14052426692185632,0.13292073057129222,0.11027923790797431,0.25139788581701117,0.7665938778237259,0.2334061221762739
right_step,600,0.95,22,0.14052426692185632,0.1359802549509905,0.12528237480550322,0.2981265013672762,0.7029857263219175,0.2970142736780825
right_step,900,0.1,22,0.14052426692185632,0.03334329700673433,0.0,0.7627221423238159,0.16714391895281147,0.8328560810471886
right_step,900,0.2,22,0.14052426692185632,0.05742763190143494,0.0,0.5913329906686532,0.3011194688769756,0.6988805311230244
right_step,900,0.4,22,0.14052426692185632,0.08138268909891104,0.0,0.4208638060772317,0.459923811347763,0.540076188652237
right_step,900,0.6,22,0.14052426692185632,0.10361569541386344,0.027832380937867864,0.3275175598111557,0.5732106186651389,0.4267893813348611
right_step,900,0.8,22,0.14052426692185632,0.12409077938968843,0.08250128722682705,0.2832237782089588,0.7244812423707077,0.27551875762929234
right_step,900,0.9,22,0.14052426692185632,0.13292073057129222,0.11027923790797431,0.25139788581701117,0.7665938778237259,0.2334061221762739
right_step,900,0.95,22,0.14052426692185632,0.1359802549509905,0.12528237480550322,0.2981265013672762,0.7029857263219175,0.2970142736780825
right_step,1200,0.1,22,0.14074060912680963,0.03334329700673433,0.0,0.7630868786656205,0.15321525904007718,0.8467847409599228
right_step,1200,0.2,22,0.14074060912680963,0.05795594259447745,0.0,0.5882073912138736,0.4795273463764631,0.5204726536235369
right_step,1200,0.4,22,0.14074060912680963,0.08164719236774481,0.0,0.4198746696187784,0.5234814273216147,0.4765185726783852
right_step,1200,0.6,22,0.14074060912680963,0.1037920943178686,0.027832380937867864,0.3272437748922162,0.5933905518377619,0.40660944816223815
right_step,1200,0.8,22,0.14074060912680963,0.12424718311798685,0.08250128722682705,0.2832008593291625,0.7243533041953855,0.27564669580461465
right_step,1200,0.9,22,0.14074060912680963,0.13308404409939525,0.11027923790797431,0.25135326221559123,0.7656181544592829,0.23438184554071692
right_step,1200,0.95,22,0.14074060912680963,0.136135059428096,0.12528237480550322,0.29793504244955726,0.7040330620397848,0.29596693796021517
right_step,1800,0.1,22,0.14096118492048854,0.033375545827763385,0.0,0.7632288218448972,0.14157516663296724,0.8584248333670328
right_step,1800,0.2,22,0.14096118492048854,0.05848559075191792,0.0,0.5850943592386253,0.6303731777791678,0.3696268222208322
right_step,1800,0.4,22,0.14096118492048854,0.08190737309098593,0.0,0.4189366871654269,0.5770399979578227,0.4229600020421774
right_step,1800,0.6,22,0.14096118492048854,0.1041636489808298,0.027832380937867864,0.3252711479678661,0.6122458254920834,0.3877541745079166
right_step,1800,0.8,22,0.14096118492048854,0.12440053452395569,0.08250128722682705,0.2832822336315589,0.7242561026284275,0.27574389737157246
right_step,1800,0.9,22,0.14096118492048854,0.1332042225742847,0.11027923790797431,0.2528184519398336,0.7554079389086923,0.24459206109130766
right_step,1800,0.95,22,0.14096118492048854,0.136265179407957,0.12528237480550322,0.29951287617440137,0.7034274828913394,0.29657251710866067
right_step,2400,0.1,22,0.14118176071416744,0.03339159194224797,0.0,0.7634850863642958,0.13676051621289204,0.863239483787108
right_step,2400,0.2,22,0.14118176071416744,0.058653763468560376,0.0,0.5845514096731722,0.6374579085604278,0.3625420914395722
right_step,2400,0.4,22,0.14118176071416744,0.08210035559729677,0.0,0.41847760516661353,0.5978302635666243,0.4021697364333758
right_step,2400,0.6,22,0.14118176071416744,0.10429213590497827,0.027832380937867864,0.3254506101576613,0.6097974569273191,0.3902025430726809
right_step,2400,0.8,22,0.14118176071416744,0.12454955813527696,0.08250128722682705,0.28343674804325963,0.720715360350035,0.2792846396499651
right_step,2400,0.9,22,0.14118176071416744,0.13340410156439217,0.11027923790797431,0.251683631092299,0.7665450278745521,0.2334549721254478
right_step,2400,0.95,22,0.14118176071416744,0.13647834731678984,0.12528237480550322,0.29582358868429715,0.7225631572204962,0.2774368427795037
right_step,3600,0.1,22,0.1458784977783371,0.04031114118677517,0.0,0.7236663264244186,0.22466355749463324,0.7753364425053666
right_step,3600,0.2,22,0.1458784977783371,0.0636608843837052,0.0,0.5636033729903215,0.7009480201865665,0.2990519798134335
right_step,3600,0.4,22,0.1458784977783371,0.08699875499457815,0.0,0.40362180636948247,0.7267030570591654,0.2732969429408346
right_step,3600,0.6,22,0.1458784977783371,0.10851182766403188,0.029696409910306965,0.32162160966456027,0.6161270638206668,0.3838729361793334
right_step,3600,0.8,22,0.1458784977783371,0.12887680587872852,0.08508301634529332,0.27965387392043534,0.6940615938646945,0.30593840613530543
right_step,3600,0.9,22,0.1458784977783371,0.1384175443624243,0.11293786344825815,0.22649695634731695,0.8565871874821102,0.14341281251788987
right_step,3600,0.95,22,0.1458784977783371,0.14128305410679184,0.12813612290339146,0.25900950148644325,0.8098195139942982,0.19018048600570184
