method,weighting,time_s,is_edge,km_ece10,mean_predicted_risk,km_observed_risk
log_survival,object,0.2,0,0.0013962521718529752,0.001396252171852975,0.0
log_survival,token,0.2,0,0.000981439251351578,0.000981439251351578,0.0
log_survival,object,0.5,0,0.00346470343909219,0.00346470343909219,0.0
log_survival,token,0.5,0,0.0024471153360247767,0.002447115336024777,0.0
log_survival,object,1.0,0,0.006804907505699735,0.00684694904273833,4.204153703857294e-05
log_survival,token,1.0,0,0.004865356657285559,0.00487329559005242,7.938932766848872e-06
log_survival,object,1.5,0,0.01011162376072677,0.010153665297765365,4.204153703857294e-05
log_survival,token,1.5,0,0.007271785886595311,0.007279724819362171,7.938932766848872e-06
log_survival,object,1.8,0,0.010170141631176535,0.012104052334951883,0.0019339107037752434
log_survival,token,1.8,0,0.006994770541899605,0.008714551483398785,0.00293824713175983
log_survival,object,2.0,1,0.007579352579602213,0.01339106370860871,0.009711595055915234
log_survival,token,2.0,1,0.008658692889941649,0.009667473359692265,0.008121167359919745
log_survival,object,2.3,0,0.010829161137681668,0.03701734747047429,0.028515876694495068
log_survival,token,2.3,0,0.010351339555027893,0.029141234626615633,0.02358387304672538
log_survival,object,2.75,0,0.030631998891400766,0.07041800789325815,0.07297004362435111
log_survival,token,2.75,0,0.020900217781676125,0.05698377466524424,0.06353971323415386
log_survival,object,3.5,0,0.037416882461147084,0.12126691070664569,0.12663619571647788
log_survival,token,3.5,0,0.02796230281794095,0.10010403907891553,0.11456399711019705
log_survival,object,4.25,0,0.034270430335621674,0.16693455778803346,0.18309129744488795
log_survival,token,4.25,0,0.03616294817399201,0.13962227080706766,0.16376849976351793
log_survival,object,4.7,0,0.040458433926792055,0.19218457460459748,0.2113188483090931
log_survival,token,4.7,0,0.043899163912033766,0.16180788723556017,0.1917095327329158
log_survival,object,5.0,1,0.04326102652206569,0.20821293031763613,0.22564390780455057
log_survival,token,5.0,1,0.05043727412800436,0.17601861769032487,0.20693093745854563
log_survival,object,5.5,0,0.0517743184198964,0.224979076197043,0.2539717269147771
log_survival,token,5.5,0,0.05211194169594783,0.19424847305233162,0.23302708979965847
log_survival,object,6.25,0,0.058982695621320795,0.24929969400710683,0.2812015051888014
log_survival,token,6.25,0,0.054038944357308126,0.22065892053958108,0.2593138514352161
log_survival,object,7.5,0,0.0713052154966874,0.2877359848996523,0.32779002013139336
log_survival,token,7.5,0,0.06800090739446078,0.26231384061537805,0.3139091059642911
log_survival,object,8.75,0,0.06831058612151604,0.32371943198832076,0.3599395623831326
log_survival,token,8.75,0,0.062330556383917025,0.30121197323717225,0.3469924657266904
log_survival,object,9.5,0,0.06082096788100383,0.3442081330579077,0.37106661663670704
log_survival,token,9.5,0,0.05757209571512133,0.32331542296883503,0.35648927012426224
log_survival,object,10.0,1,0.051909507658495245,0.35743118764589216,0.37934820281780257
log_survival,token,10.0,1,0.052935760151065575,0.3375626458536763,0.3628365665246679
log_survival,object,11.0,0,0.049043289453335574,0.3686033961700205,0.38779966768979224
log_survival,token,11.0,0,0.054670951415304966,0.35016338452075496,0.3779186132750315
log_survival,object,12.5,0,0.04773025020071673,0.38492711637793514,0.41758537236424087
log_survival,token,12.5,0,0.057919521275266145,0.3685193305361989,0.40548907815099333
log_survival,object,15.0,0,0.04387822208888926,0.41101792745872234,0.4375558162971809
log_survival,token,15.0,0,0.04660557332745443,0.39771982523980376,0.42473727067556455
log_survival,object,17.5,0,0.04842400219565468,0.435782080704389,0.4569433999306186
log_survival,token,17.5,0,0.04566686341497289,0.4252736133808454,0.44524195897026186
log_survival,object,19.0,0,0.04756927889151679,0.45003467468633795,0.4602204656206923
log_survival,token,19.0,0,0.04489275242209808,0.4410583014962598,0.4492001292266703
log_survival,object,20.0,1,0.047485592233625744,0.4592934075937022,0.4630719383640034
log_survival,token,20.0,1,0.04101292235866683,0.4512829780995514,0.45389758664441904
log_survival,object,24.0,0,0.04409247782705932,0.4621833168470519,0.4753724002514579
log_survival,token,24.0,0,0.04407694271424191,0.45424608313375275,0.47515244166096204
log_survival,object,30.0,0,0.047437706329733376,0.4664670531819465,0.48826863189205594
log_survival,token,30.0,0,0.053598869666892944,0.45863293285899137,0.4885601664085818
log_survival,object,40.0,0,0.05209426480336429,0.47347285236706876,0.4952874965753785
log_survival,token,40.0,0,0.04900778508467097,0.4657934531677244,0.49787178971428137
log_survival,object,50.0,0,0.04871854687678368,0.48031554200714793,0.496629356575907
log_survival,token,50.0,0,0.04510807202970292,0.4727705107082063,0.49948663371262847
log_survival,object,56.0,0,0.047216217453670585,0.4843447783386697,0.496629356575907
log_survival,token,56.0,0,0.044086496369292266,0.4768710899057433,0.49948663371262847
log_survival,object,60.0,1,0.045421177890618884,0.48699971137625825,0.496629356575907
log_survival,token,60.0,1,0.043452737537426615,0.4795698709911282,0.49948663371262847
log_survival,object,72.0,0,0.04541458441882529,0.4870302890682594,0.496629356575907
log_survival,token,72.0,0,0.04350248248257254,0.479591639341769,0.49948663371262847
log_survival,object,90.0,0,0.04540259688772395,0.4870761476186527,0.496629356575907
log_survival,token,90.0,0,0.04346627989754636,0.4796242873382854,0.49948663371262847
log_survival,object,120.0,0,0.04521734976061582,0.4871525572439783,0.496629356575907
log_survival,token,120.0,0,0.04349480043433054,0.4796786885911663,0.49948663371262847
log_survival,object,150.0,0,0.04502956186718447,0.4872289402677754,0.496629356575907
log_survival,token,150.0,0,0.043448542624959896,0.4797330747570299,0.49948663371262847
log_survival,object,168.0,0,0.04501987464904341,0.4872747573197797,0.496629356575907
log_survival,token,168.0,0,0.04351517352377921,0.47976569921779755,0.49948663371262847
log_survival,object,180.0,1,0.045013634959217466,0.48730529670557093,0.496629356575907
log_survival,token,180.0,1,0.04358376006308928,0.4797874458431298,0.49948663371262847
log_survival,object,222.0,0,0.04483595452778119,0.487339279989379,0.496629356575907
log_survival,token,222.0,0,0.043534072586022564,0.4798101876645178,0.49948663371262847
log_survival,object,285.0,0,0.04482396654049954,0.4873902447351348,0.496629356575907
log_survival,token,285.0,0,0.04352137679317949,0.47984429530241157,0.49948663371262847
log_survival,object,390.0,0,0.044887678944554435,0.48747515884433273,0.496629356575907
log_survival,token,390.0,0,0.04336569276242729,0.47990112778607225,0.49948663371262847
log_survival,object,495.0,0,0.044868155265684,0.48756003905718753,0.496629356575907
log_survival,token,495.0,0,0.043377947750529555,0.4799579433034937,0.49948663371262847
log_survival,object,558.0,0,0.045026162271179435,0.4876109509246396,0.496629356575907
log_survival,token,558.0,0,0.04345259867085104,0.47999202447405126,0.49948663371262847
log_survival,object,600.0,1,0.04501909268469279,0.4876448853976961,0.496629356575907
log_survival,token,600.0,1,0.04353281640524544,0.48001474186404897,0.49948663371262847
log_survival,object,720.0,0,0.04492643980277435,0.48768404559662937,0.496629356575907
log_survival,token,720.0,0,0.043801048631660865,0.48004206044074266,0.49948663371262847
log_survival,object,900.0,0,0.044742791184006724,0.4877427722304345,0.496629356575907
log_survival,token,900.0,0,0.043716623096829825,0.4800830309747509,0.49948663371262847
log_survival,object,1200.0,0,0.044383074284860824,0.48784061353382263,0.496629356575907
log_survival,token,1200.0,0,0.04367690336188008,0.4801512956569494,0.49948663371262847
log_survival,object,1500.0,0,0.044528910166290465,0.48793840934401816,0.496629356575907
log_survival,token,1500.0,0,0.04371415263769034,0.48021953592614214,0.49948663371262847
log_survival,object,1680.0,0,0.04460308388065866,0.4879970650084283,0.496629356575907
log_survival,token,1680.0,0,0.043935677776482635,0.4802604683758562,0.49948663371262847
log_survival,object,1800.0,1,0.04459372084869346,0.4880361596971355,0.496629356575907
log_survival,token,1800.0,1,0.04418673514047376,0.4802877517978112,0.49948663371262847
log_survival,object,2340.0,0,0.04611724683967241,0.4899225911562169,0.496629356575907
log_survival,token,2340.0,0,0.043675601462813046,0.4808242083218522,0.49948663371262847
log_survival,object,3150.0,0,0.04850645916926844,0.4924713510674175,0.496629356575907
log_survival,token,3150.0,0,0.04228405260146119,0.4815772280192198,0.49948663371262847
log_survival,object,4500.0,0,0.049366476945199224,0.49612293309388944,0.5027759410944572
log_survival,token,4500.0,0,0.03944656447303371,0.4827202353165521,0.5018334662481468
log_survival,object,5850.0,0,0.048158117882553544,0.49921279949324904,0.5027759410944572
log_survival,token,5850.0,0,0.03916806156743379,0.4837546683373038,0.5018334662481468
log_survival,object,6660.0,0,0.04429856424316874,0.5008614687810232,0.5027759410944572
log_survival,token,6660.0,0,0.03694772547319376,0.4843344215859254,0.5018334662481468
log_survival,object,7200.0,1,0.04523568253215486,0.5018905102556559,0.5027759410944572
log_survival,token,7200.0,1,0.03708256083650334,0.48470661409186033,0.5018334662481468
linear_survival,object,0.2,0,0.001339106357119815,0.001339106357119815,0.0
linear_survival,token,0.2,0,0.0009667473024084971,0.0009667473024084971,0.0
linear_survival,object,0.5,0,0.003347765892799539,0.0033477658927995387,0.0
linear_survival,token,0.5,0,0.002416868256021242,0.002416868256021242,0.0
linear_survival,object,1.0,0,0.006653490248560484,0.006695531785599077,4.204153703857294e-05
linear_survival,token,1.0,0,0.004825797579275619,0.004833736512042486,7.938932766848872e-06
linear_survival,object,1.5,0,0.010001256141360021,0.010043297678398616,4.204153703857294e-05
linear_survival,token,1.5,0,0.007242665835296862,0.007250604768063726,7.938932766848872e-06
linear_survival,object,1.8,0,0.010118046510302993,0.01205195721407834,0.0019339107037752434
linear_survival,token,1.8,0,0.006981496917213103,0.008700725721676471,0.00293824713175983
linear_survival,object,2.0,1,0.007579352579602213,0.01339106370860871,0.009711595055915234
linear_survival,token,2.0,1,0.008658692889941649,0.009667473359692265,0.008121167359919745
linear_survival,object,2.3,0,0.0125405147673687,0.032873250365988406,0.028515876694495068
linear_survival,token,2.3,0,0.009161680107415675,0.026302587825133394,0.02358387304672538
linear_survival,object,2.75,0,0.02679358680535189,0.06209653035205796,0.07297004362435111
linear_survival,token,2.75,0,0.02137021588517703,0.05125525952329511,0.06353971323415386
linear_survival,object,3.5,0,0.03681547341638394,0.11080199699550723,0.12663619571647788
linear_survival,token,3.5,0,0.03225940520823639,0.09284304568689795,0.11456399711019705
linear_survival,object,4.25,0,0.037984472234167475,0.1595074636389565,0.18309129744488795
linear_survival,token,4.25,0,0.03972725811933129,0.13443083185050078,0.16376849976351793
linear_survival,object,4.7,0,0.042218984194575634,0.18873074362502604,0.2113188483090931
linear_survival,token,4.7,0,0.04488817229364041,0.1593835035486625,0.1917095327329158
linear_survival,object,5.0,1,0.04326102652206569,0.20821293031763613,0.22564390780455057
linear_survival,token,5.0,1,0.05043727412800436,0.17601861769032487,0.20693093745854563
linear_survival,object,5.5,0,0.05264244604258658,0.2231347560585977,0.2539717269147771
linear_survival,token,5.5,0,0.05394193622008851,0.19217302047493867,0.23302708979965847
linear_survival,object,6.25,0,0.05965225130837234,0.24551749467004008,0.2812015051888014
linear_survival,token,6.25,0,0.05803383824544608,0.21640462465185936,0.2593138514352161
linear_survival,object,7.5,0,0.07410281421387246,0.28282205902244406,0.32779002013139336
linear_survival,token,7.5,0,0.07257837325026899,0.2567906316133938,0.3139091059642911
linear_survival,object,8.75,0,0.07106474546231147,0.32012662337484804,0.3599395623831326
linear_survival,token,8.75,0,0.06683928814307995,0.2971766385749283,0.3469924657266904
linear_survival,object,9.5,0,0.06303272428171923,0.34250936198629034,0.37106661663670704
linear_survival,token,9.5,0,0.05881279441288482,0.3214082427518491,0.35648927012426224
linear_survival,object,10.0,1,0.051909507658495245,0.35743118764589216,0.37934820281780257
linear_survival,token,10.0,1,0.052935760151065575,0.3375626458536763,0.3628365665246679
linear_survival,object,11.0,0,0.04896116027787912,0.3676174096389508,0.38779966768979224
linear_survival,token,11.0,0,0.05430324611663185,0.3489346790948579,0.3779186132750315
linear_survival,object,12.5,0,0.04859796694174841,0.38289674262853884,0.41758537236424087
linear_survival,token,12.5,0,0.06043615560438124,0.36599272895663043,0.40548907815099333
linear_survival,object,15.0,0,0.045981238614926936,0.4083622976111855,0.4375558162971809
linear_survival,token,15.0,0,0.05149509281428183,0.3944228120595846,0.42473727067556455
linear_survival,object,17.5,0,0.048695246694635395,0.4338278525938321,0.4569433999306186
linear_survival,token,17.5,0,0.04546742823041228,0.4228528951625389,0.44524195897026186
linear_survival,object,19.0,0,0.04774929373674075,0.4491071855834202,0.4602204656206923
linear_survival,token,19.0,0,0.046387591226751894,0.4399109450243114,0.4492001292266703
linear_survival,object,20.0,1,0.047485592233625744,0.4592934075937022,0.4630719383640034
linear_survival,token,20.0,1,0.04101292235866683,0.4512829780995514,0.45389758664441904
linear_survival,object,24.0,0,0.04396285831797235,0.4620640379702295,0.4753724002514579
linear_survival,token,24.0,0,0.04537758783862571,0.4541116673836982,0.47515244166096204
linear_survival,object,30.0,0,0.04753277543772889,0.46621998353502053,0.48826863189205594
linear_survival,token,30.0,0,0.05393855370627168,0.4583547013099183,0.4885601664085818
linear_survival,object,40.0,0,0.05223092021630846,0.473146559476339,0.4952874965753785
linear_survival,token,40.0,0,0.04931010439493794,0.46542642452028515,0.49787178971428137
linear_survival,object,50.0,0,0.048889416952418316,0.48007313541765734,0.496629356575907
linear_survival,token,50.0,0,0.04385626842107702,0.472498147730652,0.49948663371262847
linear_survival,object,56.0,0,0.04727094047846117,0.4842290809824483,0.496629356575907
linear_survival,token,56.0,0,0.04433164549323325,0.4767411816568721,0.49948663371262847
linear_survival,object,60.0,1,0.045421177890618884,0.48699971137625825,0.496629356575907
linear_survival,token,60.0,1,0.043452737537426615,0.4795698709911282,0.49948663371262847
linear_survival,object,72.0,0,0.04541459270757997,0.48703026991227344,0.496629356575907
linear_survival,token,72.0,0,0.04350248551930901,0.4795916284678175,0.49948663371262847
linear_survival,object,90.0,0,0.045402614167218684,0.4870761077162962,0.496629356575907
linear_survival,token,90.0,0,0.04346628623135937,0.47962426468285146,0.49948663371262847
linear_survival,object,120.0,0,0.04521737285507148,0.4871525040563342,0.496629356575907
linear_survival,token,120.0,0,0.04349480890603357,0.47967865837457474,0.49948663371262847
linear_survival,object,150.0,0,0.04502957921708384,0.48722890039637223,0.496629356575907
linear_survival,token,150.0,0,0.04344854903375813,0.47973305206629796,0.49948663371262847
linear_survival,object,168.0,0,0.045019883035882134,0.487274738200395,0.496629356575907
linear_survival,token,168.0,0,0.043515176688706664,0.479765688281332,0.49948663371262847
linear_survival,object,180.0,1,0.045013634959217466,0.48730529670557093,0.496629356575907
linear_survival,token,180.0,1,0.04358376006308928,0.4797874458431298,0.49948663371262847
linear_survival,object,222.0,0,0.04483596488242307,0.4873392555752196,0.496629356575907
linear_survival,token,222.0,0,0.043534076036964395,0.4798101754353936,0.49948663371262847
linear_survival,object,285.0,0,0.0448239880834886,0.4873901938796928,0.496629356575907
linear_survival,token,285.0,0,0.04352138398353329,0.47984426982378936,0.49948663371262847
linear_survival,object,390.0,0,0.044887707693463674,0.4874750910538147,0.496629356575907
linear_survival,token,390.0,0,0.04336570235521707,0.47990109380444906,0.49948663371262847
linear_survival,object,495.0,0,0.04486817669469061,0.48755998822793667,0.496629356575907
linear_survival,token,495.0,0,0.043377954909558814,0.4799579177851086,0.49948663371262847
linear_survival,object,558.0,0,0.045026172558179804,0.4876109265324098,0.496629356575907
linear_survival,token,558.0,0,0.043452602159898455,0.4799920121735045,0.49948663371262847
linear_survival,object,600.0,1,0.04501909268469279,0.4876448853976961,0.496629356575907
linear_survival,token,600.0,1,0.04353281640524544,0.48001474186404897,0.49948663371262847
linear_survival,object,720.0,0,0.04492645326252469,0.4876840128276523,0.496629356575907
linear_survival,token,720.0,0,0.04380105348222467,0.48004204285505747,0.49948663371262847
linear_survival,object,900.0,0,0.04474281920361617,0.48774270397258657,0.496629356575907
linear_survival,token,900.0,0,0.04371663319538878,0.4800829943415703,0.49948663371262847
linear_survival,object,1200.0,0,0.04438311166185354,0.48784052254747684,0.496629356575907
linear_survival,token,1200.0,0,0.04367691683758219,0.48015124681909166,0.49948663371262847
linear_survival,object,1500.0,0,0.044528938015395765,0.4879383411223672,0.496629356575907
linear_survival,token,1500.0,0,0.04371416272428409,0.480219499296613,0.49948663371262847
linear_survival,object,1680.0,0,0.04460309721395187,0.4879970322673014,0.496629356575907
linear_survival,token,1680.0,0,0.043935682651730874,0.48026045078312585,0.49948663371262847
linear_survival,object,1800.0,1,0.04459372084869346,0.4880361596971355,0.496629356575907
linear_survival,token,1800.0,1,0.04418673514047376,0.4802877517978112,0.49948663371262847
linear_survival,object,2340.0,0,0.04548058864268459,0.48942159475552716,0.496629356575907
linear_survival,token,2340.0,0,0.0434158816897871,0.4807296380480447,0.49948663371262847
linear_survival,object,3150.0,0,0.049134988158149415,0.49149974734311475,0.496629356575907
linear_survival,token,3150.0,0,0.04439689132112863,0.4813924674233949,0.49948663371262847
linear_survival,object,4500.0,0,0.05082669925009741,0.4949633349890941,0.5027759410944572
linear_survival,token,4500.0,0,0.040226142935263415,0.48249718304897865,0.5018334662481468
linear_survival,object,5850.0,0,0.049432320884569,0.49842692263507343,0.5027759410944572
linear_survival,token,5850.0,0,0.03791643769210186,0.48360189867456244,0.5018334662481468
linear_survival,object,6660.0,0,0.044352772698198914,0.5005050752226611,0.5027759410944572
linear_survival,token,6660.0,0,0.036605754542662954,0.4842647280499127,0.5018334662481468
linear_survival,object,7200.0,1,0.04523568253215486,0.5018905102556559,0.5027759410944572
linear_survival,token,7200.0,1,0.03708256083650334,0.48470661409186033,0.5018334662481468
right_step,object,0.2,0,0.0,0.0,0.0
right_step,token,0.2,0,0.0,0.0,0.0
right_step,object,0.5,0,0.0,0.0,0.0
right_step,token,0.5,0,0.0,0.0,0.0
right_step,object,1.0,0,4.2041537038593405e-05,0.0,4.204153703857294e-05
right_step,token,1.0,0,7.938932766862118e-06,0.0,7.938932766848872e-06
right_step,object,1.5,0,4.2041537038593405e-05,0.0,4.204153703857294e-05
right_step,token,1.5,0,7.938932766862118e-06,0.0,7.938932766848872e-06
right_step,object,1.8,0,0.0019339107037753271,0.0,0.0019339107037752434
right_step,token,1.8,0,0.002938247131759814,0.0,0.00293824713175983
right_step,object,2.0,1,0.007579352579602213,0.01339106370860871,0.009711595055915234
right_step,token,2.0,1,0.008658692889941649,0.009667473359692265,0.008121167359919745
right_step,object,2.3,0,0.021791912523289714,0.01339106370860871,0.028515876694495068
right_step,token,2.3,0,0.017862812403364157,0.009667473359692265,0.02358387304672538
right_step,object,2.75,0,0.05966273004979385,0.01339106370860871,0.07297004362435111
right_step,token,2.75,0,0.0538974919004312,0.009667473359692265,0.06353971323415386
right_step,object,3.5,0,0.11335445804347374,0.01339106370860871,0.12663619571647788
right_step,token,3.5,0,0.10490699452279365,0.009667473359692265,0.11456399711019705
right_step,object,4.25,0,0.16983083756431244,0.01339106370860871,0.18309129744488795
right_step,token,4.25,0,0.15413705517394624,0.009667473359692265,0.16376849976351793
right_step,object,4.7,0,0.19803185229659603,0.01339106370860871,0.2113188483090931
right_step,token,4.7,0,0.1820649775215283,0.009667473359692265,0.1917095327329158
right_step,object,5.0,1,0.04326102652206569,0.20821293031763613,0.22564390780455057
right_step,token,5.0,1,0.05043727412800436,0.17601861769032487,0.20693093745854563
right_step,object,5.5,0,0.055410113213757314,0.20821293031763613,0.2539717269147771
right_step,token,5.5,0,0.06644146526321486,0.17601861769032487,0.23302708979965847
right_step,object,6.25,0,0.07985182572061901,0.20821293031763613,0.2812015051888014
right_step,token,6.25,0,0.09119338868448942,0.17601861769032487,0.2593138514352161
right_step,object,7.5,0,0.11939230458836564,0.20821293031763613,0.32779002013139336
right_step,token,7.5,0,0.13725396854681826,0.17601861769032487,0.3139091059642911
right_step,object,8.75,0,0.1509181192694453,0.20821293031763613,0.3599395623831326
right_step,token,8.75,0,0.17038714590311826,0.17601861769032487,0.3469924657266904
right_step,object,9.5,0,0.16203014150912262,0.20821293031763613,0.37106661663670704
right_step,token,9.5,0,0.17987756607617753,0.17601861769032487,0.35648927012426224
right_step,object,10.0,1,0.051909507658495245,0.35743118764589216,0.37934820281780257
right_step,token,10.0,1,0.052935760151065575,0.3375626458536763,0.3628365665246679
right_step,object,11.0,0,0.051491779884029726,0.35743118764589216,0.38779966768979224
right_step,token,11.0,0,0.0585009313751483,0.3375626458536763,0.3779186132750315
right_step,object,12.5,0,0.062365795179809565,0.35743118764589216,0.41758537236424087
right_step,token,12.5,0,0.0758920017132256,0.3375626458536763,0.40548907815099333
right_step,object,15.0,0,0.0794625600523834,0.35743118764589216,0.4375558162971809
right_step,token,15.0,0,0.0924008240646351,0.3375626458536763,0.42473727067556455
right_step,object,17.5,0,0.09884887714294069,0.35743118764589216,0.4569433999306186
right_step,token,17.5,0,0.10843484435179294,0.3375626458536763,0.44524195897026186
right_step,object,19.0,0,0.10212862565106032,0.35743118764589216,0.4602204656206923
right_step,token,19.0,0,0.11114295956344743,0.3375626458536763,0.4492001292266703
right_step,object,20.0,1,0.047485592233625744,0.4592934075937022,0.4630719383640034
right_step,token,20.0,1,0.04101292235866683,0.4512829780995514,0.45389758664441904
right_step,object,24.0,0,0.045127639131551586,0.4592934075937022,0.4753724002514579
right_step,token,24.0,0,0.045289981798454663,0.4512829780995514,0.47515244166096204
right_step,object,30.0,0,0.04879469317735522,0.4592934075937022,0.48826863189205594
right_step,token,30.0,0,0.0547728402766311,0.4512829780995514,0.4885601664085818
right_step,object,40.0,0,0.054045850419390196,0.4592934075937022,0.4952874965753785
right_step,token,40.0,0,0.062350451359215596,0.4512829780995514,0.49787178971428137
right_step,object,50.0,0,0.054083425650762004,0.4592934075937022,0.496629356575907
right_step,token,50.0,0,0.06385070311422016,0.4512829780995514,0.49948663371262847
right_step,object,56.0,0,0.054083425650762004,0.4592934075937022,0.496629356575907
right_step,token,56.0,0,0.06385070311422016,0.4512829780995514,0.49948663371262847
right_step,object,60.0,1,0.045421177890618884,0.48699971137625825,0.496629356575907
right_step,token,60.0,1,0.043452737537426615,0.4795698709911282,0.49948663371262847
right_step,object,72.0,0,0.045421177890618884,0.48699971137625825,0.496629356575907
right_step,token,72.0,0,0.043452737537426615,0.4795698709911282,0.49948663371262847
right_step,object,90.0,0,0.045421177890618884,0.48699971137625825,0.496629356575907
right_step,token,90.0,0,0.043452737537426615,0.4795698709911282,0.49948663371262847
right_step,object,120.0,0,0.045421177890618884,0.48699971137625825,0.496629356575907
right_step,token,120.0,0,0.043452737537426615,0.4795698709911282,0.49948663371262847
right_step,object,150.0,0,0.045421177890618884,0.48699971137625825,0.496629356575907
right_step,token,150.0,0,0.043452737537426615,0.4795698709911282,0.49948663371262847
right_step,object,168.0,0,0.045421177890618884,0.48699971137625825,0.496629356575907
right_step,token,168.0,0,0.043452737537426615,0.4795698709911282,0.49948663371262847
right_step,object,180.0,1,0.045013634959217466,0.48730529670557093,0.496629356575907
right_step,token,180.0,1,0.04358376006308928,0.4797874458431298,0.49948663371262847
right_step,object,222.0,0,0.045013634959217466,0.48730529670557093,0.496629356575907
right_step,token,222.0,0,0.04358376006308928,0.4797874458431298,0.49948663371262847
right_step,object,285.0,0,0.045013634959217466,0.48730529670557093,0.496629356575907
right_step,token,285.0,0,0.04358376006308928,0.4797874458431298,0.49948663371262847
right_step,object,390.0,0,0.045013634959217466,0.48730529670557093,0.496629356575907
right_step,token,390.0,0,0.04358376006308928,0.4797874458431298,0.49948663371262847
right_step,object,495.0,0,0.045013634959217466,0.48730529670557093,0.496629356575907
right_step,token,495.0,0,0.04358376006308928,0.4797874458431298,0.49948663371262847
right_step,object,558.0,0,0.045013634959217466,0.48730529670557093,0.496629356575907
right_step,token,558.0,0,0.04358376006308928,0.4797874458431298,0.49948663371262847
right_step,object,600.0,1,0.04501909268469279,0.4876448853976961,0.496629356575907
right_step,token,600.0,1,0.04353281640524544,0.48001474186404897,0.49948663371262847
right_step,object,720.0,0,0.04501909268469279,0.4876448853976961,0.496629356575907
right_step,token,720.0,0,0.04353281640524544,0.48001474186404897,0.49948663371262847
right_step,object,900.0,0,0.04501909268469279,0.4876448853976961,0.496629356575907
right_step,token,900.0,0,0.04353281640524544,0.48001474186404897,0.49948663371262847
right_step,object,1200.0,0,0.04501909268469279,0.4876448853976961,0.496629356575907
right_step,token,1200.0,0,0.04353281640524544,0.48001474186404897,0.49948663371262847
right_step,object,1500.0,0,0.04501909268469279,0.4876448853976961,0.496629356575907
right_step,token,1500.0,0,0.04353281640524544,0.48001474186404897,0.49948663371262847
right_step,object,1680.0,0,0.04501909268469279,0.4876448853976961,0.496629356575907
right_step,token,1680.0,0,0.04353281640524544,0.48001474186404897,0.49948663371262847
right_step,object,1800.0,1,0.04459372084869346,0.4880361596971355,0.496629356575907
right_step,token,1800.0,1,0.04418673514047376,0.4802877517978112,0.49948663371262847
right_step,object,2340.0,0,0.04459372084869346,0.4880361596971355,0.496629356575907
right_step,token,2340.0,0,0.04418673514047376,0.4802877517978112,0.49948663371262847
right_step,object,3150.0,0,0.04459372084869346,0.4880361596971355,0.496629356575907
right_step,token,3150.0,0,0.04418673514047376,0.4802877517978112,0.49948663371262847
right_step,object,4500.0,0,0.04869326416430487,0.4880361596971355,0.5027759410944572
right_step,token,4500.0,0,0.04449350753948707,0.4802877517978112,0.5018334662481468
right_step,object,5850.0,0,0.04869326416430487,0.4880361596971355,0.5027759410944572
right_step,token,5850.0,0,0.04449350753948707,0.4802877517978112,0.5018334662481468
right_step,object,6660.0,0,0.04869326416430487,0.4880361596971355,0.5027759410944572
right_step,token,6660.0,0,0.04449350753948707,0.4802877517978112,0.5018334662481468
right_step,object,7200.0,1,0.04523568253215486,0.5018905102556559,0.5027759410944572
right_step,token,7200.0,1,0.03708256083650334,0.48470661409186033,0.5018334662481468
