weighted_km,bucket,left_s,right_s,u,time_s,at_risk_at_left,interval_events,endpoint_hazard,method,empirical_conditional_survival,predicted_conditional_survival,absolute_error
False,0,0.0,2.0,0.25,0.5,23786,231,0.009711595055915234,log_survival,1.0,0.997563208769503,0.002436791230497004
False,0,0.0,2.0,0.25,0.5,23786,231,0.009711595055915234,linear_survival,1.0,0.9975721012360212,0.002427898763978753
False,0,0.0,2.0,0.25,0.5,23786,231,0.009711595055915234,right_step,1.0,1.0,0.0
False,0,0.0,2.0,0.5,1.0,23786,231,0.009711595055915234,log_survival,0.9999579584629614,0.9951323554905069,0.00482560297245449
False,0,0.0,2.0,0.5,1.0,23786,231,0.009711595055915234,linear_survival,0.9999579584629614,0.9951442024720424,0.004813755990919044
False,0,0.0,2.0,0.5,1.0,23786,231,0.009711595055915234,right_step,0.9999579584629614,1.0,4.204153703857294e-05
False,0,0.0,2.0,0.75,1.5,23786,231,0.009711595055915234,log_survival,0.9999579584629614,0.9927074256934638,0.0072505327694976085
False,0,0.0,2.0,0.75,1.5,23786,231,0.009711595055915234,linear_survival,0.9999579584629614,0.9927163037080635,0.007241654754897908
False,0,0.0,2.0,0.75,1.5,23786,231,0.009711595055915234,right_step,0.9999579584629614,1.0,4.204153703857294e-05
False,1,2.0,5.0,0.25,2.75,23494,5110,0.21804992532536782,log_survival,0.9361211862598677,0.9403613187729105,0.0042401325130427825
False,1,2.0,5.0,0.25,2.75,23494,5110,0.21804992532536782,linear_survival,0.9361211862598677,0.945487518668658,0.009366332408790257
False,1,2.0,5.0,0.25,2.75,23494,5110,0.21804992532536782,right_step,0.9361211862598677,1.0,0.06387881374013227
False,1,2.0,5.0,0.5,3.5,23494,5110,0.21804992532536782,log_survival,0.8819287390655002,0.8842794098443275,0.002350670778827335
False,1,2.0,5.0,0.5,3.5,23494,5110,0.21804992532536782,linear_survival,0.8819287390655002,0.8909750373373161,0.009046298271815911
False,1,2.0,5.0,0.5,3.5,23494,5110,0.21804992532536782,right_step,0.8819287390655002,1.0,0.11807126093449982
False,1,2.0,5.0,0.75,4.25,23494,5110,0.21804992532536782,log_survival,0.8249199914657566,0.8315421520049429,0.006622160539186295
False,1,2.0,5.0,0.75,4.25,23494,5110,0.21804992532536782,linear_survival,0.8249199914657566,0.8364625560059742,0.011542564540217626
False,1,2.0,5.0,0.75,4.25,23494,5110,0.21804992532536782,right_step,0.8249199914657566,1.0,0.17508000853424344
False,2,5.0,10.0,0.25,6.25,18325,3628,0.19849304029812764,log_survival,0.9282531667998708,0.9461866680214807,0.01793350122160986
False,2,5.0,10.0,0.25,6.25,18325,3628,0.19849304029812764,linear_survival,0.9282531667998708,0.9503767399254681,0.022123573125597318
False,2,5.0,10.0,0.25,6.25,18325,3628,0.19849304029812764,right_step,0.9282531667998708,1.0,0.0717468332001292
False,2,5.0,10.0,0.5,7.5,18325,3628,0.19849304029812764,log_survival,0.8680889666183954,0.8952692107415916,0.027180244123196196
False,2,5.0,10.0,0.5,7.5,18325,3628,0.19849304029812764,linear_survival,0.8680889666183954,0.9007534798509362,0.032664513232540826
False,2,5.0,10.0,0.5,7.5,18325,3628,0.19849304029812764,right_step,0.8680889666183954,1.0,0.1319110333816046
False,2,5.0,10.0,0.75,8.75,18325,3628,0.19849304029812764,log_survival,0.8265711913005968,0.8470917914938073,0.02052060019321056
False,2,5.0,10.0,0.75,8.75,18325,3628,0.19849304029812764,linear_survival,0.8265711913005968,0.8511302197764042,0.024559028475807487
False,2,5.0,10.0,0.75,8.75,18325,3628,0.19849304029812764,right_step,0.8265711913005968,1.0,0.17342880869940325
False,3,10.0,20.0,0.25,12.5,14614,1970,0.1348964684003373,log_survival,0.9383919135978697,0.9644218056194919,0.026029892021622203
False,3,10.0,20.0,0.25,12.5,14614,1970,0.1348964684003373,linear_survival,0.9383919135978697,0.9662758828999156,0.027883969302045952
False,3,10.0,20.0,0.25,12.5,14614,1970,0.1348964684003373,right_step,0.9383919135978697,1.0,0.061608086402130335
False,3,10.0,20.0,0.5,15.0,14614,1970,0.1348964684003373,log_survival,0.906215346924564,0.930109419154361,0.023894072229797003
False,3,10.0,20.0,0.5,15.0,14614,1970,0.1348964684003373,linear_survival,0.906215346924564,0.9325517657998313,0.026336418875267387
False,3,10.0,20.0,0.5,15.0,14614,1970,0.1348964684003373,right_step,0.906215346924564,1.0,0.09378465307543604
False,3,10.0,20.0,0.75,17.5,14614,1970,0.1348964684003373,log_survival,0.8749778902355497,0.8970178054445456,0.02203991520899584
False,3,10.0,20.0,0.75,17.5,14614,1970,0.1348964684003373,linear_survival,0.8749778902355497,0.8988276486997471,0.023849758464197346
False,3,10.0,20.0,0.75,17.5,14614,1970,0.1348964684003373,right_step,0.8749778902355497,1.0,0.12502210976445027
False,4,20.0,60.0,0.25,30.0,12616,785,0.062498909275957026,log_survival,0.9530724964322421,0.9839951218370772,0.030922625404835036
False,4,20.0,60.0,0.25,30.0,12616,785,0.062498909275957026,linear_survival,0.9530724964322421,0.9843752726810108,0.03130277624876865
False,4,20.0,60.0,0.25,30.0,12616,785,0.062498909275957026,right_step,0.9530724964322421,1.0,0.04692750356775788
False,4,20.0,60.0,0.5,40.0,12616,785,0.062498909275957026,log_survival,0.9400002337124722,0.9682463997991643,0.02824616608669206
False,4,20.0,60.0,0.5,40.0,12616,785,0.062498909275957026,linear_survival,0.9400002337124722,0.9687505453620215,0.02875031164954933
False,4,20.0,60.0,0.5,40.0,12616,785,0.062498909275957026,right_step,0.9400002337124722,1.0,0.05999976628752779
False,4,20.0,60.0,0.75,50.0,12616,785,0.062498909275957026,log_survival,0.937501090724043,0.9527497341386899,0.015248643414646934
False,4,20.0,60.0,0.75,50.0,12616,785,0.062498909275957026,linear_survival,0.937501090724043,0.9531258180430322,0.015624727318989229
False,4,20.0,60.0,0.75,50.0,12616,785,0.062498909275957026,right_step,0.937501090724043,1.0,0.062498909275957026
False,5,60.0,180.0,0.25,90.0,11629,0,0.0,log_survival,1.0,1.0,0.0
False,5,60.0,180.0,0.25,90.0,11629,0,0.0,linear_survival,1.0,1.0,0.0
False,5,60.0,180.0,0.25,90.0,11629,0,0.0,right_step,1.0,1.0,0.0
False,5,60.0,180.0,0.5,120.0,11629,0,0.0,log_survival,1.0,1.0,0.0
False,5,60.0,180.0,0.5,120.0,11629,0,0.0,linear_survival,1.0,1.0,0.0
False,5,60.0,180.0,0.5,120.0,11629,0,0.0,right_step,1.0,1.0,0.0
False,5,60.0,180.0,0.75,150.0,11629,0,0.0,log_survival,1.0,1.0,0.0
False,5,60.0,180.0,0.75,150.0,11629,0,0.0,linear_survival,1.0,1.0,0.0
False,5,60.0,180.0,0.75,150.0,11629,0,0.0,right_step,1.0,1.0,0.0
False,6,180.0,600.0,0.25,285.0,11629,0,0.0,log_survival,1.0,1.0,0.0
False,6,180.0,600.0,0.25,285.0,11629,0,0.0,linear_survival,1.0,1.0,0.0
False,6,180.0,600.0,0.25,285.0,11629,0,0.0,right_step,1.0,1.0,0.0
False,6,180.0,600.0,0.5,390.0,11629,0,0.0,log_survival,1.0,1.0,0.0
False,6,180.0,600.0,0.5,390.0,11629,0,0.0,linear_survival,1.0,1.0,0.0
False,6,180.0,600.0,0.5,390.0,11629,0,0.0,right_step,1.0,1.0,0.0
False,6,180.0,600.0,0.75,495.0,11629,0,0.0,log_survival,1.0,1.0,0.0
False,6,180.0,600.0,0.75,495.0,11629,0,0.0,linear_survival,1.0,1.0,0.0
False,6,180.0,600.0,0.75,495.0,11629,0,0.0,right_step,1.0,1.0,0.0
False,7,600.0,1800.0,0.25,900.0,11629,0,0.0,log_survival,1.0,1.0,0.0
False,7,600.0,1800.0,0.25,900.0,11629,0,0.0,linear_survival,1.0,1.0,0.0
False,7,600.0,1800.0,0.25,900.0,11629,0,0.0,right_step,1.0,1.0,0.0
False,7,600.0,1800.0,0.5,1200.0,11629,0,0.0,log_survival,1.0,1.0,0.0
False,7,600.0,1800.0,0.5,1200.0,11629,0,0.0,linear_survival,1.0,1.0,0.0
False,7,600.0,1800.0,0.5,1200.0,11629,0,0.0,right_step,1.0,1.0,0.0
False,7,600.0,1800.0,0.75,1500.0,11629,0,0.0,log_survival,1.0,1.0,0.0
False,7,600.0,1800.0,0.75,1500.0,11629,0,0.0,linear_survival,1.0,1.0,0.0
False,7,600.0,1800.0,0.75,1500.0,11629,0,0.0,right_step,1.0,1.0,0.0
False,8,1800.0,7200.0,0.25,3150.0,11629,142,0.012210852179895038,log_survival,1.0,0.9969332079565891,0.003066792043410871
False,8,1800.0,7200.0,0.25,3150.0,11629,142,0.012210852179895038,linear_survival,1.0,0.9969472869550262,0.003052713044973787
False,8,1800.0,7200.0,0.25,3150.0,11629,142,0.012210852179895038,right_step,1.0,1.0,0.0
False,8,1800.0,7200.0,0.5,4500.0,11629,142,0.012210852179895038,log_survival,0.987789147820105,0.9938758211266159,0.006086673306510915
False,8,1800.0,7200.0,0.5,4500.0,11629,142,0.012210852179895038,linear_survival,0.987789147820105,0.9938945739100524,0.006105426089947463
False,8,1800.0,7200.0,0.5,4500.0,11629,142,0.012210852179895038,right_step,0.987789147820105,1.0,0.012210852179895038
False,8,1800.0,7200.0,0.75,5850.0,11629,142,0.012210852179895038,log_survival,0.987789147820105,0.9908278106662464,0.0030386628461414045
False,8,1800.0,7200.0,0.75,5850.0,11629,142,0.012210852179895038,linear_survival,0.987789147820105,0.9908418608650787,0.003052713044973787
False,8,1800.0,7200.0,0.75,5850.0,11629,142,0.012210852179895038,right_step,0.987789147820105,1.0,0.012210852179895038
True,0,0.0,2.0,0.25,0.5,23786,231,0.008121167359919745,log_survival,1.0,0.9979634955764162,0.002036504423583829
True,0,0.0,2.0,0.25,0.5,23786,231,0.008121167359919745,linear_survival,1.0,0.9979697081600201,0.0020302918399799363
True,0,0.0,2.0,0.25,0.5,23786,231,0.008121167359919745,right_step,1.0,1.0,0.0
True,0,0.0,2.0,0.5,1.0,23786,231,0.008121167359919745,log_survival,0.9999920610672332,0.9959311385030997,0.0040609225641334845
True,0,0.0,2.0,0.5,1.0,23786,231,0.008121167359919745,linear_survival,0.9999920610672332,0.9959394163200401,0.004052644747193024
True,0,0.0,2.0,0.5,1.0,23786,231,0.008121167359919745,right_step,0.9999920610672332,1.0,7.938932766848872e-06
True,0,0.0,2.0,0.75,1.5,23786,231,0.008121167359919745,log_survival,0.9999920610672332,0.9939029203339532,0.00608914073327993
True,0,0.0,2.0,0.75,1.5,23786,231,0.008121167359919745,linear_survival,0.9999920610672332,0.9939091244800602,0.00608293658717296
True,0,0.0,2.0,0.75,1.5,23786,231,0.008121167359919745,right_step,0.9999920610672332,1.0,7.938932766848872e-06
True,1,2.0,5.0,0.25,2.75,23494,5110,0.20043755704459854,log_survival,0.9441277058743891,0.945612265001259,0.0014845591268698444
True,1,2.0,5.0,0.25,2.75,23494,5110,0.20043755704459854,linear_survival,0.9441277058743891,0.9498906107388504,0.0057629048644612935
True,1,2.0,5.0,0.25,2.75,23494,5110,0.20043755704459854,right_step,0.9441277058743891,1.0,0.0558722941256109
True,1,2.0,5.0,0.5,3.5,23494,5110,0.20043755704459854,log_survival,0.8926856524733381,0.8941825557208111,0.0014969032474729804
True,1,2.0,5.0,0.5,3.5,23494,5110,0.20043755704459854,linear_survival,0.8926856524733381,0.8997812214777008,0.007095569004362701
True,1,2.0,5.0,0.5,3.5,23494,5110,0.20043755704459854,right_step,0.8926856524733381,1.0,0.10731434752666191
True,1,2.0,5.0,0.75,4.25,23494,5110,0.20043755704459854,log_survival,0.843078280046251,0.8455499918397706,0.002471711793519682
True,1,2.0,5.0,0.75,4.25,23494,5110,0.20043755704459854,linear_survival,0.843078280046251,0.8496718322165511,0.00659355217030011
True,1,2.0,5.0,0.75,4.25,23494,5110,0.20043755704459854,right_step,0.843078280046251,1.0,0.15692171995374904
True,2,5.0,10.0,0.25,6.25,18325,3628,0.1965851858683152,log_survival,0.9339491143321047,0.9467492262384799,0.0128001119063752
True,2,5.0,10.0,0.25,6.25,18325,3628,0.1965851858683152,linear_survival,0.9339491143321047,0.9508537035329212,0.0169045892008165
True,2,5.0,10.0,0.25,6.25,18325,3628,0.1965851858683152,right_step,0.9339491143321047,1.0,0.0660508856678953
True,2,5.0,10.0,0.5,7.5,18325,3628,0.1965851858683152,log_survival,0.8651086348483633,0.8963340973831604,0.031225462534797077
True,2,5.0,10.0,0.5,7.5,18325,3628,0.1965851858683152,linear_survival,0.8651086348483633,0.9017074070658424,0.03659877221747909
True,2,5.0,10.0,0.5,7.5,18325,3628,0.1965851858683152,right_step,0.8651086348483633,1.0,0.1348913651516367
True,2,5.0,10.0,0.75,8.75,18325,3628,0.1965851858683152,log_survival,0.823393024789914,0.8486036131486734,0.025210588358759334
True,2,5.0,10.0,0.75,8.75,18325,3628,0.1965851858683152,linear_survival,0.823393024789914,0.8525611105987636,0.029168085808849553
True,2,5.0,10.0,0.75,8.75,18325,3628,0.1965851858683152,right_step,0.823393024789914,1.0,0.17660697521008595
True,3,10.0,20.0,0.25,12.5,14614,1970,0.14291626815912783,log_survival,0.9330587579489891,0.9621788648215609,0.029120106872571827
True,3,10.0,20.0,0.25,12.5,14614,1970,0.14291626815912783,linear_survival,0.9330587579489891,0.964270932960218,0.03121217501122897
True,3,10.0,20.0,0.25,12.5,14614,1970,0.14291626815912783,right_step,0.9330587579489891,1.0,0.06694124205101093
True,3,10.0,20.0,0.5,15.0,14614,1970,0.14291626815912783,log_survival,0.9028495659060869,0.9257881679093075,0.02293860200322062
True,3,10.0,20.0,0.5,15.0,14614,1970,0.14291626815912783,linear_survival,0.9028495659060869,0.9285418659204361,0.02569230001434919
True,3,10.0,20.0,0.5,15.0,14614,1970,0.14291626815912783,right_step,0.9028495659060869,1.0,0.09715043409391311
True,3,10.0,20.0,0.75,17.5,14614,1970,0.14291626815912783,log_survival,0.8706683589858201,0.8907738084642101,0.020105449478389992
True,3,10.0,20.0,0.75,17.5,14614,1970,0.14291626815912783,linear_survival,0.8706683589858201,0.8928127988806541,0.022144439894834056
True,3,10.0,20.0,0.75,17.5,14614,1970,0.14291626815912783,right_step,0.8706683589858201,1.0,0.12933164101417993
True,4,20.0,60.0,0.25,30.0,12616,785,0.08348076469408539,log_survival,0.9365273272623443,0.9784426969134212,0.041915369651076895
True,4,20.0,60.0,0.25,30.0,12616,785,0.08348076469408539,linear_survival,0.9365273272623443,0.9791298088264786,0.042602481564134265
True,4,20.0,60.0,0.25,30.0,12616,785,0.08348076469408539,right_step,0.9365273272623443,1.0,0.06347267273765567
True,4,20.0,60.0,0.5,40.0,12616,785,0.08348076469408539,log_survival,0.9194762703946712,0.957350111143209,0.037873840748537835
True,4,20.0,60.0,0.5,40.0,12616,785,0.08348076469408539,linear_survival,0.9194762703946712,0.9582596176529573,0.03878334725828614
True,4,20.0,60.0,0.5,40.0,12616,785,0.08348076469408539,right_step,0.9194762703946712,1.0,0.08052372960532883
True,4,20.0,60.0,0.75,50.0,12616,785,0.08348076469408539,log_survival,0.9165192353059146,0.936712224637325,0.020192989331410338
True,4,20.0,60.0,0.75,50.0,12616,785,0.08348076469408539,linear_survival,0.9165192353059146,0.937389426479436,0.020870191173521402
True,4,20.0,60.0,0.75,50.0,12616,785,0.08348076469408539,right_step,0.9165192353059146,1.0,0.08348076469408539
True,5,60.0,180.0,0.25,90.0,11629,0,0.0,log_survival,1.0,1.0,0.0
True,5,60.0,180.0,0.25,90.0,11629,0,0.0,linear_survival,1.0,1.0,0.0
True,5,60.0,180.0,0.25,90.0,11629,0,0.0,right_step,1.0,1.0,0.0
True,5,60.0,180.0,0.5,120.0,11629,0,0.0,log_survival,1.0,1.0,0.0
True,5,60.0,180.0,0.5,120.0,11629,0,0.0,linear_survival,1.0,1.0,0.0
True,5,60.0,180.0,0.5,120.0,11629,0,0.0,right_step,1.0,1.0,0.0
True,5,60.0,180.0,0.75,150.0,11629,0,0.0,log_survival,1.0,1.0,0.0
True,5,60.0,180.0,0.75,150.0,11629,0,0.0,linear_survival,1.0,1.0,0.0
True,5,60.0,180.0,0.75,150.0,11629,0,0.0,right_step,1.0,1.0,0.0
True,6,180.0,600.0,0.25,285.0,11629,0,0.0,log_survival,1.0,1.0,0.0
True,6,180.0,600.0,0.25,285.0,11629,0,0.0,linear_survival,1.0,1.0,0.0
True,6,180.0,600.0,0.25,285.0,11629,0,0.0,right_step,1.0,1.0,0.0
True,6,180.0,600.0,0.5,390.0,11629,0,0.0,log_survival,1.0,1.0,0.0
True,6,180.0,600.0,0.5,390.0,11629,0,0.0,linear_survival,1.0,1.0,0.0
True,6,180.0,600.0,0.5,390.0,11629,0,0.0,right_step,1.0,1.0,0.0
True,6,180.0,600.0,0.75,495.0,11629,0,0.0,log_survival,1.0,1.0,0.0
True,6,180.0,600.0,0.75,495.0,11629,0,0.0,linear_survival,1.0,1.0,0.0
True,6,180.0,600.0,0.75,495.0,11629,0,0.0,right_step,1.0,1.0,0.0
True,7,600.0,1800.0,0.25,900.0,11629,0,0.0,log_survival,1.0,1.0,0.0
True,7,600.0,1800.0,0.25,900.0,11629,0,0.0,linear_survival,1.0,1.0,0.0
True,7,600.0,1800.0,0.25,900.0,11629,0,0.0,right_step,1.0,1.0,0.0
True,7,600.0,1800.0,0.5,1200.0,11629,0,0.0,log_survival,1.0,1.0,0.0
True,7,600.0,1800.0,0.5,1200.0,11629,0,0.0,linear_survival,1.0,1.0,0.0
True,7,600.0,1800.0,0.5,1200.0,11629,0,0.0,right_step,1.0,1.0,0.0
True,7,600.0,1800.0,0.75,1500.0,11629,0,0.0,log_survival,1.0,1.0,0.0
True,7,600.0,1800.0,0.75,1500.0,11629,0,0.0,linear_survival,1.0,1.0,0.0
True,7,600.0,1800.0,0.75,1500.0,11629,0,0.0,right_step,1.0,1.0,0.0
True,8,1800.0,7200.0,0.25,3150.0,11629,142,0.004688850875105177,log_survival,1.0,0.9988257205014894,0.0011742794985105665
True,8,1800.0,7200.0,0.25,3150.0,11629,142,0.004688850875105177,linear_survival,1.0,0.9988277872812237,0.001172212718776322
True,8,1800.0,7200.0,0.25,3150.0,11629,142,0.004688850875105177,right_step,1.0,1.0,0.0
True,8,1800.0,7200.0,0.5,4500.0,11629,142,0.004688850875105177,log_survival,0.9953111491248948,0.9976528199353194,0.0023416708104245787
True,8,1800.0,7200.0,0.5,4500.0,11629,142,0.004688850875105177,linear_survival,0.9953111491248948,0.9976555745624474,0.002344425437552533
True,8,1800.0,7200.0,0.5,4500.0,11629,142,0.004688850875105177,right_step,0.9953111491248948,1.0,0.004688850875105177
True,8,1800.0,7200.0,0.75,5850.0,11629,142,0.004688850875105177,log_survival,0.9953111491248948,0.9964812966822381,0.0011701475573432374
True,8,1800.0,7200.0,0.75,5850.0,11629,142,0.004688850875105177,linear_survival,0.9953111491248948,0.9964833618436711,0.001172212718776322
True,8,1800.0,7200.0,0.75,5850.0,11629,142,0.004688850875105177,right_step,0.9953111491248948,1.0,0.004688850875105177
