n,positive_rate,token_positive_rate,brier,token_brier,bernoulli_nll,token_bernoulli_nll,token_ece10,mean_probability,token_mean_probability,bucket_config,seed,method,age_s,horizon_s
18242,0.19888170156781054,0.19692414812966483,0.15543576039789891,0.15450843753476534,0.4876214882724375,0.48617835562046485,0.06974172486237366,0.12235155070560819,0.12718242326729118,k5,seed_41,log_survival,5,5
18242,0.19888170156781054,0.19692414812966483,0.16043961170322632,0.1590870419652821,0.505226981804869,0.5023936497410171,0.08832233436580937,0.10512948808512908,0.10860181376385546,k5,seed_41,linear_survival,5,5
18242,0.19888170156781054,0.19692414812966483,0.19888170117004716,0.1969241477358166,4.121478372495098,4.080911472208333,0.19692414712966486,1e-09,1e-09,k5,seed_41,right_step,5,5
18192,0.32580255057167984,0.3464033212739969,0.20081113721954955,0.2037108203818662,0.5907161658528971,0.5922616903337677,0.04221248353641811,0.31952882252314496,0.33016513969455713,k5,seed_41,log_survival,5,20
18192,0.32580255057167984,0.3464033212739969,0.20079338975502933,0.20370677395469872,0.5906753046419279,0.5922510980159934,0.040942150208954455,0.31935060314376457,0.3299494093577176,k5,seed_41,linear_survival,5,20
18192,0.32580255057167984,0.3464033212739969,0.20052105353591407,0.20371589066641432,0.5900841124274203,0.5922243994997975,0.04687189851513721,0.3151592743865512,0.3255735357339339,k5,seed_41,right_step,5,20
18012,0.35437486120364203,0.37282246405678204,0.2102870009730501,0.2082757164766055,0.6116971650593314,0.6024941287756325,0.031992819133827836,0.3506060377943608,0.3610229675849817,k5,seed_41,log_survival,5,60
18012,0.35437486120364203,0.37282246405678204,0.2102870019271506,0.2082757168936434,0.6116971669859943,0.6024941296216773,0.03199282348562311,0.35060602885541403,0.36102296124267225,k5,seed_41,linear_survival,5,60
18012,0.35437486120364203,0.37282246405678204,0.21028751330602624,0.20827613404087686,0.6116983059141743,0.602495037438232,0.03196333487419962,0.35059073856175815,0.36101131244753315,k5,seed_41,right_step,5,60
12594,0.02612355089725266,0.04754343650248431,0.025611629964889183,0.046486341044954624,0.13029184057526347,0.22788867246150163,0.04041500647454062,0.006849929465914225,0.007167500661554604,k5,seed_41,log_survival,20,5
12594,0.02612355089725266,0.04754343650248431,0.02563228407113854,0.046534935543776995,0.13105521711281776,0.22959022578193936,0.04075696211955088,0.006563120986892481,0.006825503144421854,k5,seed_41,linear_survival,20,5
12594,0.02612355089725266,0.04754343650248431,0.02612355084500556,0.047543436407397444,0.5413652908226432,0.9852552743954207,0.047543435838100466,1.0000000000000003e-09,1e-09,k5,seed_41,right_step,20,5
12414,0.060737876590945705,0.08119909610104908,0.05607450022870819,0.07424472894861667,0.2170952693963077,0.2789751897201986,0.0531884309073152,0.027233193556562653,0.028202606300437166,k5,seed_41,log_survival,20,20
12414,0.060737876590945705,0.08119909610104908,0.05617156544078079,0.07440945887649814,0.21800705880615862,0.28044912228426183,0.0539614065726681,0.026578221158462673,0.02742950526189305,k5,seed_41,linear_survival,20,20
12414,0.060737876590945705,0.08119909610104908,0.06073787646946996,0.0811990959386509,1.2586871639050743,1.6827104551405998,0.08119909510104908,1.0000000000000003e-09,1e-09,k5,seed_41,right_step,20,20
12414,0.06323505719349122,0.08415395921159373,0.05645656457847642,0.07320982783790117,0.21194504479869708,0.2590839677523474,0.03049196241337198,0.05324293576569073,0.05492670913888137,k5,seed_41,log_survival,20,60
12414,0.06323505719349122,0.08415395921159373,0.056456565948969674,0.07320982926899729,0.21194504990930008,0.25908397518343357,0.030491988007088782,0.053242895228232744,0.05492667860511549,k5,seed_41,linear_survival,20,60
12414,0.06323505719349122,0.08415395921159373,0.0564593291264052,0.073214406053741,0.21196175783655694,0.2591150920998168,0.030333144869337116,0.053156442316925345,0.05485901052378609,k5,seed_41,right_step,20,60
18242,0.19888170156781054,0.19692414812966483,0.15744034688183595,0.15672831551378272,0.49308123170308177,0.4933854431039057,0.07560338209547048,0.11728711072410837,0.12132076603419435,k5,seed_42,log_survival,5,5
18242,0.19888170156781054,0.19692414812966483,0.16189298759102683,0.16079197201497894,0.5099725964810831,0.508865319525868,0.09224303970541202,0.10190851266434159,0.10468110842425281,k5,seed_42,linear_survival,5,5
18242,0.19888170156781054,0.19692414812966483,0.19888170117004716,0.1969241477358166,4.121478372495098,4.080911472208333,0.19692414712966486,1e-09,1e-09,k5,seed_42,right_step,5,5
18192,0.32580255057167984,0.3464033212739969,0.20255663688613082,0.2069648285117454,0.5935827825041718,0.5991048900010547,0.04167729830509705,0.3100907106431606,0.3182579216895178,k5,seed_42,log_survival,5,20
18192,0.32580255057167984,0.3464033212739969,0.20254159824479726,0.20696950244526507,0.5935466947327461,0.5991125520555698,0.04189415382284524,0.30990088010315403,0.31806468233785506,k5,seed_42,linear_survival,5,20
18192,0.32580255057167984,0.3464033212739969,0.20234680070421948,0.20711690933752303,0.5930619279491751,0.599376884180021,0.04093280521678896,0.3055108921307772,0.31378971738838624,k5,seed_42,right_step,5,20
18012,0.35437486120364203,0.37282246405678204,0.21190679165008322,0.21119410793085788,0.6144610865474069,0.6086248729404445,0.04422276681764958,0.34258366799126416,0.3485236295130483,k5,seed_42,log_survival,5,60
18012,0.35437486120364203,0.37282246405678204,0.21190679466487702,0.21119410986260048,0.6144610926290868,0.6086248768838353,0.044222782830293496,0.34258364319895923,0.3485236112187624,k5,seed_42,linear_survival,5,60
18012,0.35437486120364203,0.37282246405678204,0.21190789351721573,0.2111954263785234,0.6144634163277014,0.6086276810491266,0.044153279292912385,0.3425586181037746,0.348503478852747,k5,seed_42,right_step,5,60
12594,0.02612355089725266,0.04754343650248431,0.025622176631060648,0.04654243628347367,0.1309029233326023,0.22985991480849302,0.04078714067712584,0.007048367946849781,0.006791033564825384,k5,seed_42,log_survival,20,5
12594,0.02612355089725266,0.04754343650248431,0.02564152950034846,0.046585702651800315,0.1316412738383618,0.23148342580527856,0.04108292342922332,0.0067491179894155935,0.006495213810609802,k5,seed_42,linear_survival,20,5
12594,0.02612355089725266,0.04754343650248431,0.02612355084500556,0.047543436407397444,0.5413652908226432,0.9852552743954207,0.047543435838100466,1.0000000000000003e-09,1e-09,k5,seed_42,right_step,20,5
12414,0.060737876590945705,0.08119909610104908,0.05588244186258016,0.07450950923141657,0.2151052647374742,0.28104685792872264,0.054613902349423774,0.02799792779196457,0.026752126340916817,k5,seed_42,log_survival,20,20
12414,0.060737876590945705,0.08119909610104908,0.055987355135523546,0.07466280428210398,0.21605663801236974,0.2824956159800206,0.055283383395311844,0.027314761321553874,0.026082537891232084,k5,seed_42,linear_survival,20,20
12414,0.060737876590945705,0.08119909610104908,0.06073787646946996,0.0811990959386509,1.2586871639050743,1.6827104551405998,0.08119909510104908,1.0000000000000003e-09,1e-09,k5,seed_42,right_step,20,20
12414,0.06323505719349122,0.08415395921159373,0.05609536248182936,0.07319441787872946,0.2087797953314321,0.25816367205514523,0.033025003801730485,0.05476971872033526,0.05227950383295121,k5,seed_42,log_survival,20,60
12414,0.06323505719349122,0.08415395921159373,0.056095366115734104,0.0731944228461959,0.20877980438563257,0.2581636944513323,0.03302508304427384,0.05476960785423076,0.052279419045370944,k5,seed_42,linear_survival,20,60
12414,0.06323505719349122,0.08415395921159373,0.05609911600320065,0.07320310380125175,0.20879722516790528,0.2582197907837232,0.033114149991359136,0.05462952264310775,0.05216507578246417,k5,seed_42,right_step,20,60
18242,0.19888170156781054,0.19692414812966483,0.1545628312197712,0.1531937238397237,0.484662925738479,0.4814703071647066,0.07002919045641921,0.12368058028324752,0.12773225187971826,k5,seed_43,log_survival,5,5
18242,0.19888170156781054,0.19692414812966483,0.1597338819838769,0.15815462283402265,0.5026009818027359,0.4984848904215041,0.08824074653992249,0.10587433381150688,0.10868340158974234,k5,seed_43,linear_survival,5,5
18242,0.19888170156781054,0.19692414812966483,0.19888170117004716,0.1969241477358166,4.121478372495098,4.080911472208333,0.19692414712966486,1e-09,1e-09,k5,seed_43,right_step,5,5
18192,0.32580255057167984,0.3464033212739969,0.1996415267060067,0.20258948508510935,0.5885138932706505,0.5899342890654238,0.04390488376325817,0.32188630253355077,0.33044072049286066,k5,seed_43,log_survival,5,20
18192,0.32580255057167984,0.3464033212739969,0.19962474669943975,0.20259127270432098,0.5884762293163336,0.5899368562123332,0.04391532050095321,0.32170431913859787,0.33023096358288795,k5,seed_43,linear_survival,5,20
18192,0.32580255057167984,0.3464033212739969,0.1993744705647337,0.20267600943861502,0.587961521996729,0.5901011805172062,0.04308806764472761,0.3174310929436996,0.3258367188743428,k5,seed_43,right_step,5,20
18012,0.35437486120364203,0.37282246405678204,0.20949480073039142,0.20732740130949678,0.610189368709146,0.6004651305908515,0.03579046727319836,0.353618272671058,0.3615699767407872,k5,seed_43,log_survival,5,60
18012,0.35437486120364203,0.37282246405678204,0.2094948006167872,0.20732740131246633,0.6101893685190557,0.6004651306193737,0.035790473313836266,0.3536182629704872,0.3615699693421232,k5,seed_43,linear_survival,5,60
18012,0.35437486120364203,0.37282246405678204,0.20949448465122075,0.20732745900893662,0.6101889373553675,0.6004653547825051,0.035807113783519584,0.35360178411920085,0.3615568590198755,k5,seed_43,right_step,5,60
12594,0.02612355089725266,0.04754343650248431,0.02563283153078369,0.04650908162964126,0.13195009929888776,0.22959319794551944,0.04050299517920775,0.006947016230878719,0.007083460208772491,k5,seed_43,log_survival,20,5
12594,0.02612355089725266,0.04754343650248431,0.025651727326584772,0.046555925823019345,0.132673782983022,0.23126222840515867,0.04082839003889095,0.006656236094988064,0.006758016242599955,k5,seed_43,linear_survival,20,5
12594,0.02612355089725266,0.04754343650248431,0.02612355084500556,0.047543436407397444,0.5413652908226432,0.9852552743954207,0.047543435838100466,1.0000000000000003e-09,1e-09,k5,seed_43,right_step,20,5
12414,0.060737876590945705,0.08119909610104908,0.05610501119371244,0.07432902402792418,0.2185056600167824,0.28065800171988525,0.05367383452675697,0.027605097982900565,0.0278768497732169,k5,seed_43,log_survival,20,20
12414,0.060737876590945705,0.08119909610104908,0.056200995783742394,0.07449158678017116,0.2194048627430889,0.2821269785724196,0.054405413290525236,0.026941293307220265,0.027141007254382093,k5,seed_43,linear_survival,20,20
12414,0.060737876590945705,0.08119909610104908,0.06073787646946996,0.0811990959386509,1.2586871639050743,1.6827104551405998,0.08119909510104908,1.0000000000000003e-09,1e-09,k5,seed_43,right_step,20,20
12414,0.06323505719349122,0.08415395921159373,0.0565381671988059,0.07320949457054234,0.2137949106372896,0.26030578568298185,0.031545598519216414,0.05397936606467147,0.054359942210232555,k5,seed_43,log_survival,20,60
12414,0.06323505719349122,0.08415395921159373,0.05653816695965559,0.07320949578849767,0.21379490441997415,0.26030578927909825,0.03154563339995828,0.05397931739271772,0.05435990437010937,k5,seed_43,linear_survival,20,60
12414,0.06323505719349122,0.08415395921159373,0.056538867027907655,0.073213654183172,0.2137937063129634,0.260328252302084,0.03161525372503747,0.05388258661444053,0.05428201450876419,k5,seed_43,right_step,20,60
18242,0.19888170156781054,0.19692414812966483,0.14803275187368672,0.1517665243582012,0.46183845228206755,0.47308407020058324,0.03184571973346858,0.2005770688416528,0.20621002564999824,k10,seed_41,log_survival,5,5
18242,0.19888170156781054,0.19692414812966483,0.14803275187368672,0.1517665243582012,0.46183845228206755,0.47308407020058324,0.03184571973346858,0.2005770688416528,0.20621002564999824,k10,seed_41,linear_survival,5,5
18242,0.19888170156781054,0.19692414812966483,0.14803275187368672,0.1517665243582012,0.46183845228206755,0.47308407020058324,0.03184571973346858,0.2005770688416528,0.20621002564999824,k10,seed_41,right_step,5,5
18192,0.32580255057167984,0.3464033212739969,0.20607407831971325,0.21176908297480296,0.6000496652253245,0.6096179731464445,0.040578985740378694,0.3340388461746233,0.34799982252242756,k10,seed_41,log_survival,5,20
18192,0.32580255057167984,0.3464033212739969,0.20605597870164652,0.2117635286519863,0.6000091215291422,0.6096054506768689,0.04055164822622088,0.3338637303234094,0.34780250174964145,k10,seed_41,linear_survival,5,20
18192,0.32580255057167984,0.3464033212739969,0.2057181878404299,0.21168760632461284,0.5992399926062487,0.6094037739468021,0.042669625745712106,0.3295644596692596,0.3434919621501104,k10,seed_41,right_step,5,20
18012,0.35437486120364203,0.37282246405678204,0.21546054734994863,0.2161437297750518,0.6206027275354867,0.6191989286804367,0.03554362455043307,0.3658547998457052,0.3784353718821661,k10,seed_41,log_survival,5,60
18012,0.35437486120364203,0.37282246405678204,0.21546054621109226,0.21614372895843922,0.620602725208741,0.61919892701891,0.03554362129877395,0.3658547883182445,0.3784353661333116,k10,seed_41,linear_survival,5,60
18012,0.35437486120364203,0.37282246405678204,0.21545967308175507,0.21614297783330555,0.6206008179663739,0.6191973504505816,0.03553545672587301,0.3658374100828279,0.3784242682988685,k10,seed_41,right_step,5,60
12594,0.02612355089725266,0.04754343650248431,0.02561679471338988,0.046545317090861654,0.1305775343619327,0.2317840445359449,0.04038053989833206,0.0070960203679024635,0.007162896604152253,k10,seed_41,log_survival,20,5
12594,0.02612355089725266,0.04754343650248431,0.02563671565655831,0.046589168513902116,0.13133310498277856,0.2333925460435126,0.04069731254804721,0.006812671852916907,0.006846123954437097,k10,seed_41,linear_survival,20,5
12594,0.02612355089725266,0.04754343650248431,0.02612355084500556,0.047543436407397444,0.5413652908226432,0.9852552743954207,0.047543435838100466,1.0000000000000003e-09,1e-09,k10,seed_41,right_step,20,5
12414,0.060737876590945705,0.08119909610104908,0.05615411694732325,0.07464414655011928,0.21857274153002534,0.28544700557759906,0.05302710459881588,0.028160999690801332,0.028171991502233217,k10,seed_41,log_survival,20,20
12414,0.060737876590945705,0.08119909610104908,0.05624795838827508,0.07479363171096962,0.21946614646789814,0.2868373517891598,0.053743087142044885,0.02751483213268442,0.027456008959004206,k10,seed_41,linear_survival,20,20
12414,0.060737876590945705,0.08119909610104908,0.06073787646946996,0.0811990959386509,1.2586871639050743,1.6827104551405998,0.08119909510104908,1.0000000000000003e-09,1e-09,k10,seed_41,right_step,20,20
12414,0.06323505719349122,0.08415395921159373,0.056520482577242265,0.07365406525566655,0.2128101701803077,0.2642034301145687,0.03227446773070018,0.055133941659331526,0.054981701276353157,k10,seed_41,log_survival,20,60
12414,0.06323505719349122,0.08415395921159373,0.05652047877262521,0.0736540641445701,0.21281013665450588,0.26420341846917994,0.03227448628344154,0.05513388025855331,0.05498166872367243,k10,seed_41,linear_survival,20,60
12414,0.06323505719349122,0.08415395921159373,0.05651904867450295,0.07365552215499245,0.2127873013337524,0.2642047938608976,0.03202476155314009,0.05502966426536884,0.05491201791800841,k10,seed_41,right_step,20,60
11629,0.0,0.0,6.416413702612706e-07,3.206377546979787e-07,0.0005604011538032039,0.00035548500880781125,0.00035532452914577707,0.0005600799397251244,0.00035532452914577707,k10,seed_41,log_survival,600,600
11629,0.0,0.0,6.40464379157937e-07,3.2015651607484774e-07,0.0005600797430291984,0.0003553244487536081,0.00035516421026842874,0.0005597591190399955,0.00035516421026842874,k10,seed_41,linear_survival,600,600
11629,0.0,0.0,1.0000000000000003e-18,1e-18,9.999999722180688e-10,9.999999722180688e-10,9.999999999999999e-10,1.0000000000000003e-09,1.0000000000000003e-09,k10,seed_41,right_step,600,600
11629,0.0,0.0,0.00016267581431246342,3.404339006745138e-05,0.003786250167026071,0.0016352235835658201,0.0016170060072333832,0.0036979627075503806,0.0016170060072333832,k10,seed_41,log_survival,600,1800
11629,0.0,0.0,7.578248659241068e-05,1.8299630398020167e-05,0.0032538834994609534,0.0015266919179101085,0.0015172394730322478,0.0032144702445069035,0.0015172394730322476,k10,seed_41,linear_survival,600,1800
11629,0.0,0.0,2.5618575166317528e-06,1.2806260642993954e-06,0.0011208023076064127,0.0007109700176156255,0.000710328420536859,0.0011195182380799927,0.0007103284205368591,k10,seed_41,right_step,600,1800
11274,0.012595352137661877,0.004852667460936014,0.011014339902494766,0.004579115326816731,0.045650071390201434,0.025904470377900335,0.0029580967409405757,0.010731005972514206,0.0042397184833337445,k10,seed_41,log_survival,600,3600
11274,0.012595352137661877,0.004852667460936014,0.010762665003210803,0.004530436298906714,0.04537063359106068,0.025833050629348212,0.0027314334869679006,0.009628527645603591,0.004007347789387711,k10,seed_41,linear_survival,600,3600
11274,0.012595352137661877,0.004852667460936014,0.012568608579848648,0.004842467248655043,0.09926242949551745,0.037422003797729086,0.004578677468285007,0.0011239080479451846,0.0007207540696348858,k10,seed_41,right_step,600,3600
11629,0.0,0.0,0.0001559646463941355,3.11341115202467e-05,0.002665447859419659,0.0009242535659501956,0.0009075036094968078,0.0025805712828478725,0.0009075036094968079,k10,seed_41,log_survival,1800,600
11629,0.0,0.0,6.932369605534306e-05,1.5445164987569256e-05,0.0021330811918545416,0.0008157219002944863,0.00080770542323119,0.0020969300983655704,0.0008077054232311899,k10,seed_41,linear_survival,1800,600
11629,0.0,0.0,1.0000000000000003e-18,1e-18,9.999999722180688e-10,9.999999722180688e-10,9.999999999999999e-10,1.0000000000000003e-09,1.0000000000000003e-09,k10,seed_41,right_step,1800,600
11453,0.012398498210075963,0.004759528508972346,0.01094666301123533,0.0044983860624803265,0.04663561050037014,0.026449900363631318,0.002957125396598093,0.007331024771092151,0.002651034820228414,k10,seed_41,log_survival,1800,1800
11453,0.012398498210075963,0.004759528508972346,0.010842102017596831,0.004478200243801004,0.04681843092980841,0.026468825530448402,0.0031681991620878943,0.00631470886377215,0.0024387968323112104,k10,seed_41,linear_survival,1800,1800
11453,0.012398498210075963,0.004759528508972346,0.012398498185278968,0.00475952849945329,0.25693737537390987,0.09863297554519955,0.004759528772062928,1.0000000000000003e-09,1e-09,k10,seed_41,right_step,1800,1800
11274,0.012595352137661877,0.004852667460936014,0.01113183793802699,0.004647193241592566,0.046013549312031984,0.026271738031801693,0.0036203875456495296,0.0136900142564725,0.005130979697477728,k10,seed_41,log_survival,1800,3600
11274,0.012595352137661877,0.004852667460936014,0.010718882491594584,0.004566388591401372,0.0451807521247571,0.026101654999548904,0.0034253486552636,0.012768844801736824,0.004934738983164994,k10,seed_41,linear_survival,1800,3600
11274,0.012595352137661877,0.004852667460936014,0.012595352112471177,0.00485266745123068,0.26101683164612294,0.10056311880642409,0.0048526677287139604,1.0000000000000003e-09,1e-09,k10,seed_41,right_step,1800,3600
18242,0.19888170156781054,0.19692414812966483,0.14663118844995177,0.150018093319186,0.45698121391219965,0.46774045880781384,0.022880976981509687,0.18214087396758244,0.18487045119736295,k10,seed_42,log_survival,5,5
18242,0.19888170156781054,0.19692414812966483,0.14663118844995177,0.150018093319186,0.45698121391219965,0.46774045880781384,0.022880976981509687,0.18214087396758244,0.18487045119736295,k10,seed_42,linear_survival,5,5
18242,0.19888170156781054,0.19692414812966483,0.14663118844995177,0.150018093319186,0.45698121391219965,0.46774045880781384,0.022880976981509687,0.18214087396758244,0.18487045119736295,k10,seed_42,right_step,5,5
18192,0.32580255057167984,0.3464033212739969,0.205581579072058,0.2106966126158082,0.5994095122053946,0.6069689591976822,0.03274338323412954,0.31944772873289484,0.3331634845657979,k10,seed_42,log_survival,5,20
18192,0.32580255057167984,0.3464033212739969,0.20556275748318611,0.21069450067531653,0.5993666717284499,0.6069632274752548,0.032787317841399,0.319260620726279,0.3329738622164736,k10,seed_42,linear_survival,5,20
18192,0.32580255057167984,0.3464033212739969,0.20526620637938556,0.21069171314602897,0.5986813208327696,0.6069136290641745,0.03406085856808708,0.31490065639868503,0.32876362353027494,k10,seed_42,right_step,5,20
18012,0.35437486120364203,0.37282246405678204,0.2150330176749959,0.21510988226464778,0.6200356556166183,0.6166505092091171,0.0353576497852252,0.3513912169162287,0.36280800578373495,k10,seed_42,log_survival,5,60
18012,0.35437486120364203,0.37282246405678204,0.21503301726472898,0.21510988186131083,0.6200356547689647,0.6166505083945485,0.035357647721470487,0.3513912054064702,0.3628079990422832,k10,seed_42,linear_survival,5,60
18012,0.35437486120364203,0.37282246405678204,0.21503271652779632,0.2151097033787409,0.6200349719889505,0.616650137978609,0.03506172931193041,0.3513748308413611,0.3627963650563351,k10,seed_42,right_step,5,60
12594,0.02612355089725266,0.04754343650248431,0.025635255930763073,0.04657958200485154,0.13135309835901568,0.23159437220187545,0.0407096653193341,0.007134650456940182,0.006881293147159288,k10,seed_42,log_survival,20,5
12594,0.02612355089725266,0.04754343650248431,0.025653452417816292,0.04661978126212128,0.13206771857791366,0.23315045131020387,0.041008070018339164,0.006834590749184752,0.006582831010056585,k10,seed_42,linear_survival,20,5
12594,0.02612355089725266,0.04754343650248431,0.02612355084500556,0.047543436407397444,0.5413652908226432,0.9852552743954207,0.047543435838100466,1.0000000000000003e-09,1e-09,k10,seed_42,right_step,20,5
12414,0.060737876590945705,0.08119909610104908,0.05599504296050818,0.07469508118044202,0.21655413329474033,0.2836651557176824,0.05479283630251291,0.02829769442403776,0.027079636968273302,k10,seed_42,log_survival,20,20
12414,0.060737876590945705,0.08119909610104908,0.05609486677315438,0.07484027650830426,0.2174734800351858,0.28505960512543443,0.05546341606787327,0.027613611427703553,0.026404727561522144,k10,seed_42,linear_survival,20,20
12414,0.060737876590945705,0.08119909610104908,0.06073787646946996,0.0811990959386509,1.2586871639050743,1.6827104551405998,0.08119909510104908,1.0000000000000003e-09,1e-09,k10,seed_42,right_step,20,20
12414,0.06323505719349122,0.08415395921159373,0.056281064536964596,0.07352381655058385,0.21008144829641298,0.26078363939426974,0.03435955814199543,0.055324194516472615,0.05288060634512003,k10,seed_42,log_survival,20,60
12414,0.06323505719349122,0.08415395921159373,0.056281064410946935,0.07352381772248806,0.21008144102739124,0.260783644024248,0.034359586521644885,0.05532413467741659,0.052880569488718235,k10,seed_42,linear_survival,20,60
12414,0.06323505719349122,0.08415395921159373,0.05628223869793511,0.07352786890428109,0.21007773743849406,0.26080306198556974,0.034335294719283434,0.055227222855407106,0.052809455123044295,k10,seed_42,right_step,20,60
11629,0.0,0.0,2.7692155210996085e-07,1.7939904072844327e-07,0.00033753445401697165,0.00025902967985286517,0.00025893990871716897,0.00033739586728572646,0.000258939908717169,k10,seed_42,log_survival,600,600
11629,0.0,0.0,2.765444067564727e-07,1.7918457081384022e-07,0.000337395804308218,0.00025893987290954784,0.0002588502091968073,0.0003372574065096734,0.0002588502091968073,k10,seed_42,linear_survival,600,600
11629,0.0,0.0,1.0000000000000003e-18,1e-18,9.999999722180688e-10,9.999999722180688e-10,9.999999999999999e-10,1.0000000000000003e-09,1.0000000000000003e-09,k10,seed_42,right_step,600,600
11629,0.0,0.0,0.00022582360464671962,4.2337956757853686e-05,0.0035035068065237757,0.001456922116162419,0.0014332904371907637,0.0033755472829789164,0.0014332904371907639,k10,seed_42,log_survival,600,1800
11629,0.0,0.0,7.603222013103709e-05,1.6978222067266294e-05,0.0027935871419783186,0.001324368751267701,0.0013155395547006592,0.00275373370056138,0.0013155395547006592,k10,seed_42,linear_survival,600,1800
11629,0.0,0.0,1.1061776270258762e-06,7.16738283255355e-07,0.0006750689045314941,0.000518059358431633,0.000517700417119512,0.0006745148095168937,0.0005177004171195121,k10,seed_42,right_step,600,1800
11274,0.012595352137661877,0.004852667460936014,0.012695540088963956,0.004881155791134077,0.049757345605454494,0.026538341356289203,0.003414066832423717,0.010480698191160988,0.004032631936657819,k10,seed_42,log_survival,600,3600
11274,0.012595352137661877,0.004852667460936014,0.011832537187640017,0.004730898393549464,0.04820678068917449,0.026256353380764336,0.003664925091251645,0.009144027086767037,0.00377276010912783,k10,seed_42,linear_survival,600,3600
11274,0.012595352137661877,0.004852667460936014,0.012578681391893652,0.0048476380625820095,0.13349315408097906,0.04529491129301978,0.004680387901664261,0.0006813040915413707,0.0005260151413344989,k10,seed_42,right_step,600,3600
11629,0.0,0.0,0.00022264776810974906,4.0609488636723684e-05,0.002828437902700987,0.0009388627578989793,0.000916098063924287,0.0027020738093373833,0.000916098063924287,k10,seed_42,log_survival,1800,600
11629,0.0,0.0,7.288390811856872e-05,1.5257910283671245e-05,0.0021185182381555294,0.000806309393004263,0.0007983429128185537,0.0020802454001961463,0.0007983429128185538,k10,seed_42,linear_survival,1800,600
11629,0.0,0.0,1.0000000000000003e-18,1e-18,9.999999722180688e-10,9.999999722180688e-10,9.999999999999999e-10,1.0000000000000003e-09,1.0000000000000003e-09,k10,seed_42,right_step,1800,600
11453,0.012398498210075963,0.004759528508972346,0.012243486357753908,0.004731407174256797,0.05007304430206038,0.02661866968655888,0.002922084491517342,0.00753588706314248,0.002650197132107139,k10,seed_42,log_survival,1800,1800
11453,0.012398498210075963,0.004759528508972346,0.01161971100616897,0.004624258339740306,0.049084951164257117,0.02643902435900551,0.0031600157990569317,0.006281560938891908,0.002408999717526457,k10,seed_42,linear_survival,1800,1800
11453,0.012398498210075963,0.004759528508972346,0.012398498185278968,0.00475952849945329,0.25693737537390987,0.09863297554519955,0.004759528772062928,1.0000000000000003e-09,1e-09,k10,seed_42,right_step,1800,1800
11274,0.012595352137661877,0.004852667460936014,0.013333445322952909,0.005032251940535875,0.05033127708526595,0.026546428777126096,0.0028656358170166367,0.013781875276691908,0.005086442489654916,k10,seed_42,log_survival,1800,3600
11274,0.012595352137661877,0.004852667460936014,0.012365117640135691,0.004860719415809424,0.0481958634176074,0.026166247931372195,0.0026540543337188415,0.012700304463257294,0.004873191203500877,k10,seed_42,linear_survival,1800,3600
11274,0.012595352137661877,0.004852667460936014,0.012595352112471177,0.00485266745123068,0.26101683164612294,0.10056311880642409,0.0048526677287139604,1.0000000000000003e-09,1e-09,k10,seed_42,right_step,1800,3600
18242,0.19888170156781054,0.19692414812966483,0.14805552822405232,0.15104553567476467,0.460883556662407,0.4704070802956533,0.025050592631511083,0.17997190229217522,0.18817611537102913,k10,seed_43,log_survival,5,5
18242,0.19888170156781054,0.19692414812966483,0.14805552822405232,0.15104553567476467,0.460883556662407,0.4704070802956533,0.025050592631511083,0.17997190229217522,0.18817611537102913,k10,seed_43,linear_survival,5,5
18242,0.19888170156781054,0.19692414812966483,0.14805552822405232,0.15104553567476467,0.460883556662407,0.4704070802956533,0.025050592631511083,0.17997190229217522,0.18817611537102913,k10,seed_43,right_step,5,5
18192,0.32580255057167984,0.3464033212739969,0.20569907859578393,0.21048946757879985,0.5986443807494082,0.6059632878050981,0.037039806107688866,0.30537608038923747,0.32393065398290194,k10,seed_43,log_survival,5,20
18192,0.32580255057167984,0.3464033212739969,0.20568841417246433,0.21049215923356415,0.5986191539760868,0.6059678863213002,0.03712053639099348,0.305202372373528,0.3237306734482013,k10,seed_43,linear_survival,5,20
18192,0.32580255057167984,0.3464033212739969,0.20556182416133936,0.21059897701303523,0.5983175829195866,0.6061604954499588,0.04312062048629694,0.30092874957518106,0.31939256207734906,k10,seed_43,right_step,5,20
18012,0.35437486120364203,0.37282246405678204,0.21513281345579027,0.21462094349865546,0.6193552195312133,0.6151295198087717,0.035177899050133424,0.3368724140934159,0.35458012865974226,k10,seed_43,log_survival,5,60
18012,0.35437486120364203,0.37282246405678204,0.2151328128751183,0.21462094309080534,0.6193552183044974,0.6151295189531019,0.03517790286162868,0.33687240744165753,0.3545801244013337,k10,seed_43,linear_survival,5,60
18012,0.35437486120364203,0.37282246405678204,0.21513256164835684,0.21462070710470318,0.6193545754701022,0.6151289611037394,0.03518545839308578,0.3368593047977144,0.3545703912683381,k10,seed_43,right_step,5,60
12594,0.02612355089725266,0.04754343650248431,0.025645557845818817,0.046555665115530845,0.13237482545552043,0.23155110027242376,0.040577446055576345,0.006784102990264449,0.006965990446907965,k10,seed_43,log_survival,20,5
12594,0.02612355089725266,0.04754343650248431,0.02566329004959451,0.046598060624015857,0.13308532801555178,0.2331446854964278,0.040886721024067124,0.006513071393437218,0.0066567154784171875,k10,seed_43,linear_survival,20,5
12594,0.02612355089725266,0.04754343650248431,0.02612355084500556,0.047543436407397444,0.5413652908226432,0.9852552743954207,0.047543435838100466,1.0000000000000003e-09,1e-09,k10,seed_43,right_step,20,5
12414,0.060737876590945705,0.08119909610104908,0.0561798096225183,0.07451921026569674,0.21926991684047012,0.2829461902750478,0.05418179546055268,0.026948804143892297,0.02741329647100029,k10,seed_43,log_survival,20,20
12414,0.060737876590945705,0.08119909610104908,0.056273436124182764,0.07467302485836048,0.22017032826836835,0.2843789098003456,0.05487641690727039,0.026330203769375643,0.026713975464556502,k10,seed_43,linear_survival,20,20
12414,0.060737876590945705,0.08119909610104908,0.06073787646946996,0.0811990959386509,1.2586871639050743,1.6827104551405998,0.08119909510104908,1.0000000000000003e-09,1e-09,k10,seed_43,right_step,20,20
12414,0.06323505719349122,0.08415395921159373,0.05646420091664091,0.07331801213219542,0.21254369130744882,0.26082817742224,0.03361984978946843,0.05273715097399448,0.05348720960363947,k10,seed_43,log_survival,20,60
12414,0.06323505719349122,0.08415395921159373,0.05646419911284303,0.07331801197717186,0.21254367320259537,0.2608281725783255,0.03361986855229122,0.05273711589452739,0.053487186274316374,k10,seed_43,linear_survival,20,60
12414,0.06323505719349122,0.08415395921159373,0.05646382844054854,0.07332058982487408,0.21252914644479173,0.26083597768589983,0.03364817404134185,0.052660407538751286,0.053427950929113004,k10,seed_43,right_step,20,60
11629,0.0,0.0,1.5054528080984157e-07,9.902147638676542e-08,0.00025815670189496527,0.000196015910433893,0.00019596637112297044,0.00025808137805889334,0.00019596637112297044,k10,seed_43,log_survival,600,600
11629,0.0,0.0,1.503919348468233e-07,9.893587664001221e-08,0.0002580813524610832,0.00019596635683661267,0.00019591686038477284,0.0002580061054184877,0.00019591686038477287,k10,seed_43,linear_survival,600,600
11629,0.0,0.0,1.0000000000000003e-18,1e-18,9.999999722180688e-10,9.999999722180688e-10,9.999999999999999e-10,1.0000000000000003e-09,1.0000000000000003e-09,k10,seed_43,right_step,600,600
11629,0.0,0.0,0.00021747047778561464,3.854530399834401e-05,0.003676302838937847,0.001299018336112863,0.001278060276090299,0.0035568445062121147,0.001278060276090299,k10,seed_43,log_survival,600,1800
11629,0.0,0.0,8.851152381595496e-05,1.7635543908701024e-05,0.002957395720992763,0.001172078500462985,0.0011629109461273998,0.0029111023074802024,0.0011629109461273998,k10,seed_43,linear_survival,600,1800
11629,0.0,0.0,6.015677393872934e-07,3.95743506560052e-07,0.0005163134037246398,0.00039203182084436545,0.0003918337207461336,0.0005160122107716862,0.0003918337207461336,k10,seed_43,right_step,600,1800
11274,0.012595352137661877,0.004852667460936014,0.01169667848191229,0.0046856773947713684,0.04509882149047467,0.025212593955470528,0.0027302908346252827,0.011741549086911805,0.0038145577131933443,k10,seed_43,log_survival,600,3600
11274,0.012595352137661877,0.004852667460936014,0.011124017616945349,0.004589253612506201,0.04416774331897684,0.0250520738737051,0.0029877421741558996,0.01029427540939339,0.003551717769351499,k10,seed_43,linear_survival,600,3600
11274,0.012595352137661877,0.004852667460936014,0.012583417997050863,0.004847429670134479,0.11950257664659616,0.04219805974415067,0.00466592806865092,0.0005192240411338003,0.0003973773977367121,k10,seed_43,right_step,600,3600
11629,0.0,0.0,0.0002147698819277416,3.73047941103139e-05,0.0031599894352132073,0.0009069865152684978,0.0008866516799964858,0.003041893671051306,0.0008866516799964859,k10,seed_43,log_survival,1800,600
11629,0.0,0.0,8.58745506839997e-05,1.640904562137627e-05,0.0024410823172681235,0.0007800466796186184,0.000771494812851042,0.002396116133508422,0.000771494812851042,k10,seed_43,linear_survival,1800,600
11629,0.0,0.0,1.0000000000000003e-18,1e-18,9.999999722180688e-10,9.999999722180688e-10,9.999999999999999e-10,1.0000000000000003e-09,1.0000000000000003e-09,k10,seed_43,right_step,1800,600
11453,0.012398498210075963,0.004759528508972346,0.011398043492661,0.004575020661707193,0.04495707559963332,0.02543133960514621,0.0031554595628563854,0.00858805172728779,0.0025769324033082294,k10,seed_43,log_survival,1800,1800
11453,0.012398498210075963,0.004759528508972346,0.011053530107080848,0.004517195422406525,0.044599006312227935,0.025371764687377805,0.003395947905217007,0.007246732214427573,0.002335372167434326,k10,seed_43,linear_survival,1800,1800
11453,0.012398498210075963,0.004759528508972346,0.012398498185278968,0.00475952849945329,0.25693737537390987,0.09863297554519955,0.004759528772062928,1.0000000000000003e-09,1e-09,k10,seed_43,right_step,1800,1800
11274,0.012595352137661877,0.004852667460936014,0.012219661135105636,0.004793234461350059,0.045884236248302325,0.0252094176323575,0.003541824936290064,0.01586509638167388,0.004953339457376586,k10,seed_43,log_survival,1800,3600
11274,0.012595352137661877,0.004852667460936014,0.011455802994419045,0.004663908762904358,0.04432929956255826,0.024944354946784448,0.0033232452953556022,0.014668801732258135,0.004734065161641027,k10,seed_43,linear_survival,1800,3600
11274,0.012595352137661877,0.004852667460936014,0.012595352112471177,0.00485266745123068,0.26101683164612294,0.10056311880642409,0.0048526677287139604,1.0000000000000003e-09,1e-09,k10,seed_43,right_step,1800,3600
18242,0.19888170156781054,0.19692414812966483,0.14944353070542737,0.1521652871772599,0.4641208715864589,0.47361476413392356,0.02972080856822053,0.1792955855081094,0.18031444631318516,k20,seed_41,log_survival,5,5
18242,0.19888170156781054,0.19692414812966483,0.1495152361277425,0.1522151787974004,0.4643304964408426,0.4738026989236643,0.028021336415421743,0.1778046237835786,0.1785128474666715,k20,seed_41,linear_survival,5,5
18242,0.19888170156781054,0.19692414812966483,0.1541585497183882,0.15697065294066553,0.48063896771843745,0.4922316178399336,0.06922252947168629,0.13270122963473285,0.128883192278026,k20,seed_41,right_step,5,5
18192,0.32580255057167984,0.3464033212739969,0.20840397597099297,0.21379785106944083,0.6046269397705903,0.6134266314221314,0.04425466942344792,0.32973097758033143,0.33529101286912205,k20,seed_41,log_survival,5,20
18192,0.32580255057167984,0.3464033212739969,0.20837204390432668,0.21378745845485825,0.6045568015684442,0.6134041993056087,0.04359205192768141,0.32947459315202826,0.33502411828525686,k20,seed_41,linear_survival,5,20
18192,0.32580255057167984,0.3464033212739969,0.20734703746473632,0.21379452822821932,0.6022524781767703,0.6133287116644894,0.049472381767146384,0.3155716631549059,0.32151055845653287,k20,seed_41,right_step,5,20
18012,0.35437486120364203,0.37282246405678204,0.21638574703948402,0.2179031892204582,0.6220527662801713,0.622302817042908,0.03749435209737831,0.35160230626050537,0.3549047212872112,k20,seed_41,log_survival,5,60
18012,0.35437486120364203,0.37282246405678204,0.21638574625411716,0.21790318863269725,0.622052764696422,0.6223028158449312,0.03749435084122712,0.3516022912213876,0.35490471328033485,k20,seed_41,linear_survival,5,60
18012,0.35437486120364203,0.37282246405678204,0.21638540830261482,0.21790300945530658,0.6220518332346001,0.6223023608834077,0.03733489719730331,0.35155788040193886,0.3548751200512126,k20,seed_41,right_step,5,60
12594,0.02612355089725266,0.04754343650248431,0.02515664549076727,0.04515889542033173,0.11678715952473666,0.19367552403865282,0.026223807362383583,0.02209815008052608,0.02131962914010073,k20,seed_41,log_survival,20,5
12594,0.02612355089725266,0.04754343650248431,0.025158630438022887,0.0451884114228895,0.11683021565944875,0.19408656637417285,0.02664205847669642,0.0216894161511956,0.020901378025787898,k20,seed_41,linear_survival,20,5
12594,0.02612355089725266,0.04754343650248431,0.02612355084500556,0.047543436407397444,0.5413652908226432,0.9852552743954207,0.047543435838100466,1.0000000000000003e-09,1e-09,k20,seed_41,right_step,20,5
12414,0.060737876590945705,0.08119909610104908,0.05464677015607022,0.07204846650064624,0.20599794197153498,0.2612055221326708,0.033672274288848815,0.04978030532332318,0.047526821812200276,k20,seed_41,log_survival,20,20
12414,0.060737876590945705,0.08119909610104908,0.0546472889521854,0.07204967593571393,0.20600068831747023,0.26121321057462177,0.033685320758037325,0.04976659659628034,0.04751377534301176,k20,seed_41,linear_survival,20,20
12414,0.060737876590945705,0.08119909610104908,0.05490372376930628,0.0726012131989503,0.20811804482787746,0.26617485199030416,0.03927850064069526,0.04380385560286034,0.04192059546035383,k20,seed_41,right_step,20,20
12414,0.06323505719349122,0.08415395921159373,0.056889095329966735,0.07440940992485613,0.21494419618235208,0.2679687455803368,0.03371173885266246,0.05364119012947038,0.05092645971109686,k20,seed_41,log_survival,20,60
12414,0.06323505719349122,0.08415395921159373,0.05688909368289862,0.07440940981150627,0.21494418329374068,0.26796874311701174,0.033711757440683374,0.05364115401325741,0.050926439561393956,k20,seed_41,linear_survival,20,60
12414,0.06323505719349122,0.08415395921159373,0.05688962557555401,0.07441792928916903,0.2149222767690436,0.26800649873989824,0.033829018425852155,0.0533809850282685,0.05074730755136667,k20,seed_41,right_step,20,60
11629,0.0,0.0,1.0617077785567643e-07,5.361154838672702e-08,0.00021500047328886523,0.0001405338884078706,0.00014050706865448813,0.00021494735353573302,0.00014050706865448813,k20,seed_41,log_survival,600,600
11629,0.0,0.0,1.0617077785567643e-07,5.361154838672702e-08,0.00021500047328886523,0.0001405338884078706,0.00014050706865448813,0.00021494735353573302,0.00014050706865448813,k20,seed_41,linear_survival,600,600
11629,0.0,0.0,1.0617077785567643e-07,5.361154838672702e-08,0.00021500047328886523,0.0001405338884078706,0.00014050706865448813,0.00021494735353573302,0.00014050706865448813,k20,seed_41,right_step,600,600
11629,0.0,0.0,4.915367694989849e-07,2.4602462175360295e-07,0.00045459314339368114,0.0002971118612508968,0.00029698870456144633,0.00045434701332336565,0.0002969887045614464,k20,seed_41,log_survival,600,1800
11629,0.0,0.0,4.915367694989849e-07,2.4602462175360295e-07,0.00045459314339368114,0.0002971118612508968,0.00029698870456144633,0.00045434701332336565,0.0002969887045614464,k20,seed_41,linear_survival,600,1800
11629,0.0,0.0,4.915367694989849e-07,2.4602462175360295e-07,0.00045459314339368114,0.0002971118612508968,0.00029698870456144633,0.00045434701332336565,0.0002969887045614464,k20,seed_41,right_step,600,1800
11274,0.012595352137661877,0.004852667460936014,0.010567760107886704,0.0045171524552514485,0.04540870516547918,0.026373313469967564,0.003366160990777468,0.009744808873900819,0.0036822895820501677,k20,seed_41,log_survival,600,3600
11274,0.012595352137661877,0.004852667460936014,0.010539711332977977,0.004496501355031777,0.04564428570287509,0.02636979633009789,0.003319144310228436,0.008469187522049448,0.003408172649225242,k20,seed_41,linear_survival,600,3600
11274,0.012595352137661877,0.004852667460936014,0.012578681578189248,0.004847524818822336,0.10809234048073722,0.04177248981291579,0.0047679740516223005,0.0004564274894775709,0.0003013547211722194,k20,seed_41,right_step,600,3600
11629,0.0,0.0,3.5474854681754616e-08,1.760802539307339e-08,0.00011979633505240913,7.828898642151251e-05,7.828017952409118e-05,0.00011977859027282315,7.828017952409118e-05,k20,seed_41,log_survival,1800,600
11629,0.0,0.0,3.54969006401005e-08,1.76166759551738e-08,0.00011981408350811556,7.829779476129706e-05,7.828898353498506e-05,0.00011979632769478227,7.828898353498506e-05,k20,seed_41,linear_survival,1800,600
11629,0.0,0.0,1.418112778393511e-07,7.039751372410786e-08,0.0002395926701048166,0.0001565779728430251,0.0001565427510227894,0.0002395217056909629,0.0001565427510227894,k20,seed_41,right_step,1800,600
11453,0.012398498210075963,0.004759528508972346,0.010700782727983036,0.004464405275703577,0.046799658480295506,0.026762664937569087,0.00301005079241023,0.006461331372376564,0.0023538370886661423,k20,seed_41,log_survival,1800,1800
11453,0.012398498210075963,0.004759528508972346,0.010842252815964352,0.004479995955283548,0.04771209141160734,0.02689581429606732,0.0032321231298397136,0.005410085731391112,0.002129765590561751,k20,seed_41,linear_survival,1800,1800
11453,0.012398498210075963,0.004759528508972346,0.012389338879916221,0.0047567306282203965,0.11502747776210621,0.044071423223654455,0.004692402914734114,0.0002397180786033834,0.0001576490241489955,k20,seed_41,right_step,1800,1800
11274,0.012595352137661877,0.004852667460936014,0.01059092352656219,0.00458577599323569,0.04541662746238564,0.026338677612996558,0.0033068985018835945,0.014650637198393454,0.005513152757181093,k20,seed_41,log_survival,1800,3600
11274,0.012595352137661877,0.004852667460936014,0.010245403461653797,0.004502394491616801,0.04472446658440954,0.026160432551560326,0.003054918887396289,0.01347952858870381,0.005259278726602699,k20,seed_41,linear_survival,1800,3600
11274,0.012595352137661877,0.004852667460936014,0.012586046649514179,0.004849814473254949,0.1168509271796362,0.044932020927453915,0.004784026820468978,0.00024065509149840246,0.00015890067041885158,k20,seed_41,right_step,1800,3600
18242,0.19888170156781054,0.19692414812966483,0.1497362548026132,0.15194019556890703,0.46494842063692243,0.4727034050831384,0.030806898968057585,0.17690521961296388,0.17676231976640724,k20,seed_42,log_survival,5,5
18242,0.19888170156781054,0.19692414812966483,0.14983516701872315,0.1520381874515185,0.4652275624518256,0.47301933376504685,0.031447546548077354,0.17522118769053474,0.17475149573479487,k20,seed_42,linear_survival,5,5
18242,0.19888170156781054,0.19692414812966483,0.15525077541035429,0.1579697002271866,0.4840398651659549,0.49553353323711397,0.07483074868199369,0.1274239215389901,0.12211082002054116,k20,seed_42,right_step,5,5
18192,0.32580255057167984,0.3464033212739969,0.2092874754842323,0.2135497494873464,0.6064912638346887,0.6130866223852147,0.04876470200740693,0.331213796935122,0.338328404114476,k20,seed_42,log_survival,5,20
18192,0.32580255057167984,0.3464033212739969,0.20925348006583944,0.21354430553072262,0.6064175558266544,0.6130735826970026,0.04879701521109865,0.3309642680115513,0.3380238445741568,k20,seed_42,linear_survival,5,20
18192,0.32580255057167984,0.3464033212739969,0.20808718803133477,0.21363245074423598,0.6038225104331266,0.6131050127116157,0.04738479627137253,0.3175581412832778,0.32356094300850674,k20,seed_42,right_step,5,20
18012,0.35437486120364203,0.37282246405678204,0.21717959796784528,0.2178719054506682,0.62359900697235,0.6223971444550374,0.034297761829511726,0.35258376519963885,0.35826294494874833,k20,seed_42,log_survival,5,60
18012,0.35437486120364203,0.37282246405678204,0.21717959764851696,0.2178719047991636,0.6235990063622373,0.6223971431100229,0.034297758576057484,0.35258374150884525,0.35826293224503153,k20,seed_42,linear_survival,5,60
18012,0.35437486120364203,0.37282246405678204,0.2171813366173074,0.2178727723636289,0.6236025841403887,0.6223989089309367,0.03520783104411933,0.35253102552509297,0.3582272476329344,k20,seed_42,right_step,5,60
12594,0.02612355089725266,0.04754343650248431,0.025119014092813807,0.04492264898718708,0.11601186295502941,0.1884774564465181,0.026644599217245674,0.021578235916567566,0.022721711879871022,k20,seed_42,log_survival,20,5
12594,0.02612355089725266,0.04754343650248431,0.025122570786987028,0.04495852032085164,0.11606830919179362,0.18892726122525336,0.027105510251534463,0.02117530393871768,0.022252596896104752,k20,seed_42,linear_survival,20,5
12594,0.02612355089725266,0.04754343650248431,0.02612355084500556,0.047543436407397444,0.5413652908226432,0.9852552743954207,0.047543435838100466,1.0000000000000003e-09,1e-09,k20,seed_42,right_step,20,5
12414,0.060737876590945705,0.08119909610104908,0.05436992107619117,0.071513820656757,0.20389890961843368,0.2558634968514502,0.03375676048974745,0.04908715539936681,0.04976443305862321,k20,seed_42,log_survival,20,20
12414,0.060737876590945705,0.08119909610104908,0.05437065755642254,0.07151474891552499,0.20390241522608873,0.25586890119814143,0.033770582703544515,0.04907071676706243,0.049752703531216066,k20,seed_42,linear_survival,20,20
12414,0.060737876590945705,0.08119909610104908,0.05467268800451673,0.0719769507759688,0.2059811546149729,0.2594738821099721,0.04136207809872503,0.04280071335714022,0.04462828023655476,k20,seed_42,right_step,20,20
12414,0.06323505719349122,0.08415395921159373,0.05654714923276106,0.07383808969616189,0.21210603864817446,0.26238980260836225,0.03371766738843967,0.05303426665880423,0.05290463054891991,k20,seed_42,log_survival,20,60
12414,0.06323505719349122,0.08415395921159373,0.05654714930915226,0.07383809088781823,0.2121060350709418,0.2623898102765194,0.03371769742816963,0.05303420985362949,0.05290459811779691,k20,seed_42,linear_survival,20,60
12414,0.06323505719349122,0.08415395921159373,0.0565530378156,0.07385082529194299,0.21213102425692068,0.26248433885347094,0.03384394691144118,0.05273160069956516,0.052692147859312435,k20,seed_42,right_step,20,60
11629,0.0,0.0,2.0772227620711065e-07,1.4100744722119052e-07,0.0002943902850354705,0.00022953529207547286,0.0002294647384597614,0.00029428634504367754,0.0002294647384597614,k20,seed_42,log_survival,600,600
11629,0.0,0.0,2.0772227620711065e-07,1.4100744722119052e-07,0.0002943902850354705,0.00022953529207547286,0.0002294647384597614,0.00029428634504367754,0.0002294647384597614,k20,seed_42,linear_survival,600,600
11629,0.0,0.0,2.0772227620711065e-07,1.4100744722119052e-07,0.0002943902850354705,0.00022953529207547286,0.0002294647384597614,0.00029428634504367754,0.0002294647384597614,k20,seed_42,right_step,600,600
11629,0.0,0.0,9.928400875246385e-07,5.942022605450612e-07,0.0006440249544844161,0.00046552045403772005,0.00046522291188108415,0.0006435277197440274,0.00046522291188108415,k20,seed_42,log_survival,600,1800
11629,0.0,0.0,9.928400875246385e-07,5.942022605450612e-07,0.0006440249544844161,0.00046552045403772005,0.00046522291188108415,0.0006435277197440274,0.00046522291188108415,k20,seed_42,linear_survival,600,1800
11629,0.0,0.0,9.928400875246385e-07,5.942022605450612e-07,0.0006440249544844161,0.00046552045403772005,0.00046522291188108415,0.0006435277197440274,0.00046522291188108415,k20,seed_42,right_step,600,1800
11274,0.012595352137661877,0.004852667460936014,0.012092053020555193,0.0047260854056032425,0.048820897737192864,0.026607491068146544,0.0033564442971551916,0.010480213626548593,0.003737663765731177,k20,seed_42,log_survival,600,3600
11274,0.012595352137661877,0.004852667460936014,0.011296309003661725,0.00460608725007174,0.04751647669364755,0.02641345016652777,0.003646594198328985,0.008822736349422515,0.0034428097967843197,k20,seed_42,linear_survival,600,3600
11274,0.012595352137661877,0.004852667460936014,0.012581200564801826,0.004848663907261695,0.12317078086811313,0.04421664094191903,0.004751534535066975,0.0006497778843900425,0.00047278194613211604,k20,seed_42,right_step,600,3600
11629,0.0,0.0,7.485564951288564e-08,4.000519641659573e-08,0.00017481733858592307,0.00011799258235404578,0.00011797257170886566,0.00017477989359961676,0.00011797257170886566,k20,seed_42,log_survival,1800,600
11629,0.0,0.0,7.490711029411468e-08,4.0029326948609197e-08,0.0001748547921530019,0.00011801259702271269,0.00011799257430189082,0.000174817321412455,0.00011799257430189084,k20,seed_42,linear_survival,1800,600
11629,0.0,0.0,2.9921685005860733e-07,1.5992430493024127e-07,0.0003496346732162187,0.00023598516331912284,0.000235905136832346,0.00034948492759409307,0.000235905136832346,k20,seed_42,right_step,1800,600
11453,0.012398498210075963,0.004759528508972346,0.011734644338059935,0.004613217019395867,0.04975873686732558,0.02695235565975914,0.0036385779982489007,0.0069687465278114764,0.0023250220713209764,k20,seed_42,log_survival,1800,1800
11453,0.012398498210075963,0.004759528508972346,0.011316372095678836,0.004553741619803685,0.049385500108074694,0.026916839388600452,0.0038822362279338583,0.0055686902807106555,0.0020792303993574226,k20,seed_42,linear_survival,1800,1800
11453,0.012398498210075963,0.004759528508972346,0.012390251374724139,0.004757294923750399,0.12768111408120927,0.04636391059006074,0.004739673291818572,0.0003509898550665865,0.00023767096127645708,k20,seed_42,right_step,1800,1800
11274,0.012595352137661877,0.004852667460936014,0.012745161887038796,0.004849293479591222,0.05003274810585035,0.026564178609397623,0.004488381059969702,0.01526060418211104,0.005335884161049228,k20,seed_42,log_survival,1800,3600
11274,0.012595352137661877,0.004852667460936014,0.011619672336159582,0.004671028115563183,0.047530493436260764,0.026172853699421628,0.00422916643915049,0.013801970430886979,0.005071844786447025,k20,seed_42,linear_survival,1800,3600
11274,0.012595352137661877,0.004852667460936014,0.012586973096487878,0.004850389512310492,0.1297048824816278,0.047268763280085384,0.004826784007329867,0.0003531079910713472,0.0002398821289571258,k20,seed_42,right_step,1800,3600
18242,0.19888170156781054,0.19692414812966483,0.14994134373452384,0.15223864418784652,0.46511610081778104,0.47318086356361216,0.029170117869240637,0.176810781773735,0.1818895946484006,k20,seed_43,log_survival,5,5
18242,0.19888170156781054,0.19692414812966483,0.15003805016451235,0.15230044175120927,0.4653862749264769,0.47340420886943835,0.02940523679303439,0.17514616673734798,0.1798067921826392,k20,seed_43,linear_survival,5,5
18242,0.19888170156781054,0.19692414812966483,0.15541000290918744,0.15759934460345312,0.48378705734310795,0.49378515917936167,0.07177605078479371,0.12724656227597214,0.1263469021119857,k20,seed_43,right_step,5,5
18192,0.32580255057167984,0.3464033212739969,0.20885710573330835,0.21375706905650813,0.6054587352949343,0.6133447061151147,0.036478925756632884,0.32288834580472786,0.335590354657298,k20,seed_43,log_survival,5,20
18192,0.32580255057167984,0.3464033212739969,0.2088308027694324,0.21375604212689825,0.6054000895992251,0.6133407465126246,0.03605098433065398,0.32263809763110757,0.33528650098703905,k20,seed_43,linear_survival,5,20
18192,0.32580255057167984,0.3464033212739969,0.20799749000060513,0.21398215700281895,0.6034463282411561,0.6136654192201284,0.039580469058956826,0.3090610893016829,0.3209471866075189,k20,seed_43,right_step,5,20
18012,0.35437486120364203,0.37282246405678204,0.2170520602060278,0.21798542273430396,0.623465919523573,0.622558959126207,0.0402663712062331,0.344198505992533,0.35553497893898434,k20,seed_43,log_survival,5,60
18012,0.35437486120364203,0.37282246405678204,0.217052059766424,0.2179854219911362,0.6234659187148248,0.6225589576377266,0.040266369391920596,0.3441984876756087,0.3555349697709728,k20,seed_43,linear_survival,5,60
18012,0.35437486120364203,0.37282246405678204,0.2170534653039319,0.21798557085903492,0.6234687796562591,0.6225592625764899,0.040238665742175495,0.3441512454961807,0.35550469263780754,k20,seed_43,right_step,5,60
12594,0.02612355089725266,0.04754343650248431,0.025137747545580073,0.04494893041509193,0.11724169398540531,0.1907664866336906,0.02528006681966821,0.021388593072320872,0.022375973446549877,k20,seed_43,log_survival,20,5
12594,0.02612355089725266,0.04754343650248431,0.02514131309872216,0.044985037121340755,0.11729791789937358,0.19121286240462318,0.0257428808001967,0.020995003709456585,0.02191311470919782,k20,seed_43,linear_survival,20,5
12594,0.02612355089725266,0.04754343650248431,0.02612355084500556,0.047543436407397444,0.5413652908226432,0.9852552743954207,0.047543435838100466,1.0000000000000003e-09,1e-09,k20,seed_43,right_step,20,5
12414,0.060737876590945705,0.08119909610104908,0.054532663947661146,0.07152197140868032,0.20572750913747784,0.2574877345167125,0.0341411527515965,0.048306905371358025,0.049261378228143256,k20,seed_43,log_survival,20,20
12414,0.060737876590945705,0.08119909610104908,0.0545332144434506,0.07152299635866574,0.20573000599936775,0.25749330315426683,0.03415309522845446,0.04829304363218681,0.04924895005313404,k20,seed_43,linear_survival,20,20
12414,0.060737876590945705,0.08119909610104908,0.054796014013479034,0.07200242937721277,0.20778961665200157,0.2613550615264449,0.038462162412529644,0.04244146472618942,0.04395917406402061,k20,seed_43,right_step,20,20
12414,0.06323505719349122,0.08415395921159373,0.056769764779354484,0.07390703959165236,0.2145801705475745,0.26452494597192144,0.03456124820984349,0.051952656644443485,0.0524452657606869,k20,seed_43,log_survival,20,60
12414,0.06323505719349122,0.08415395921159373,0.05676976311239471,0.07390703942944496,0.21458015546050338,0.2645249434284415,0.034561270348947355,0.051952613491742156,0.052445242483185814,k20,seed_43,linear_survival,20,60
12414,0.06323505719349122,0.08415395921159373,0.05677118007203026,0.07391546650760497,0.21457258733698725,0.2645800506597818,0.03467301324393816,0.051683456254661364,0.052263470186792824,k20,seed_43,right_step,20,60
11629,0.0,0.0,2.7227920842117547e-07,1.722070855091553e-07,0.0003472727401634907,0.00025665896828541484,0.0002565727978474265,0.00034713648161944913,0.0002565727978474265,k20,seed_43,log_survival,600,600
11629,0.0,0.0,2.7227920842117547e-07,1.722070855091553e-07,0.0003472727401634907,0.00025665896828541484,0.0002565727978474265,0.00034713648161944913,0.0002565727978474265,k20,seed_43,linear_survival,600,600
11629,0.0,0.0,2.7227920842117547e-07,1.722070855091553e-07,0.0003472727401634907,0.00025665896828541484,0.0002565727978474265,0.00034713648161944913,0.0002565727978474265,k20,seed_43,right_step,600,600
11629,0.0,0.0,1.0662341415080554e-06,6.790057666572861e-07,0.0006900347859552024,0.0005148534057697936,0.0005145133915288111,0.0006895007661548376,0.0005145133915288111,k20,seed_43,log_survival,600,1800
11629,0.0,0.0,1.0662341415080554e-06,6.790057666572861e-07,0.0006900347859552024,0.0005148534057697936,0.0005145133915288111,0.0006895007661548376,0.0005145133915288111,k20,seed_43,linear_survival,600,1800
11629,0.0,0.0,1.0662341415080554e-06,6.790057666572861e-07,0.0006900347859552024,0.0005148534057697936,0.0005145133915288111,0.0006895007661548376,0.0005145133915288111,k20,seed_43,right_step,600,1800
11274,0.012595352137661877,0.004852667460936014,0.011438251673843249,0.0046460983335598425,0.04653783744110408,0.025589712225131407,0.0032805458849689594,0.010016788395701356,0.0038891165445290735,k20,seed_43,log_survival,600,3600
11274,0.012595352137661877,0.004852667460936014,0.01116884986906553,0.004599416097868013,0.04627113897776267,0.025536550997354218,0.003488504839919635,0.008873396496986732,0.003671467638325261,k20,seed_43,linear_survival,600,3600
11274,0.012595352137661877,0.004852667460936014,0.012581289780472679,0.004847502843253746,0.12054098995031583,0.04268653732519148,0.004576987997205214,0.00069575665013777,0.0005237821512887735,k20,seed_43,right_step,600,3600
11629,0.0,0.0,6.653771779720297e-08,4.263164040772317e-08,0.00017138102558613078,0.00012909721974624076,0.00012907589598930774,0.00017134774283197578,0.00012907589598930774,k20,seed_43,log_survival,1800,600
11629,0.0,0.0,6.6579385803578e-08,4.2655441168325106e-08,0.0001714143152879131,0.00012911854747153862,0.00012909721180480454,0.0001713810116820044,0.00012909721180480454,k20,seed_43,linear_survival,1800,600
11629,0.0,0.0,2.6598426998390546e-07,1.704313961794035e-07,0.00034276204756060176,0.0002581944381555602,0.0002581091590012863,0.0003426289443344944,0.00025810915900128633,k20,seed_43,right_step,1800,600
11453,0.012398498210075963,0.004759528508972346,0.01135267994062563,0.004569386710061157,0.04766371601031459,0.02587091268753044,0.0037396769713455725,0.006509998149270039,0.0023838853565374563,k20,seed_43,log_survival,1800,1800
11453,0.012398498210075963,0.004759528508972346,0.011274085253213774,0.004556061705991612,0.04798816421918219,0.02592623414114053,0.003915174635253543,0.00556819827012132,0.002206154723113579,k20,seed_43,linear_survival,1800,1800
11453,0.012398498210075963,0.004759528508972346,0.012391681114010431,0.00475710866846452,0.1286863946858227,0.04555954225491469,0.00457162857184093,0.00034357381474965914,0.0002602370390662405,k20,seed_43,right_step,1800,1800
11274,0.012595352137661877,0.004852667460936014,0.011715768224823103,0.004718089454136584,0.046556261897033276,0.0254293798816822,0.003926565154013588,0.014858173213932449,0.00558216610029421,k20,seed_43,log_survival,1800,3600
11274,0.012595352137661877,0.004852667460936014,0.011191206139025526,0.004625883416920951,0.04555369784676317,0.02524694909089669,0.003729008306899308,0.013807598550648984,0.005380273517048835,k20,seed_43,linear_survival,1800,3600
11274,0.012595352137661877,0.004852667460936014,0.012588425532139378,0.004850199615149705,0.13072614046821812,0.046448592892250166,0.004662062472013595,0.0003455905073469459,0.00026282838668348834,k20,seed_43,right_step,1800,3600
